"ID","r","rw","rx","rwc","rwx","rwxc","label","category","sample"
0,367,307,117,84,70,0,"B","Utilities","B_Utilities_7zip.json"
1,107,96,43,31,5,0,"B","Utilities","B_Utilities_7zip.json"
2,62,59,18,21,49,0,"B","Utilities","B_Utilities_AxCrypt.json"
3,132,120,52,40,6,0,"B","Filezilla.json","B_Filezilla.json"
4,165,166,69,35,6,0,"B","Spotify.json","B_Spotify.json"
5,175,207,56,40,68,0,"B","VeraCrypt.json","B_VeraCrypt.json"
6,492,418,161,102,69,0,"B","Vlc.json","B_Vlc.json"
7,127,140,53,40,6,0,"B","Vlc.json","B_Vlc.json"
8,114,127,43,34,6,0,"B","Vlc.json","B_Vlc.json"
9,132,98,41,40,62,0,"B","Vlc.json","B_Vlc.json"
66,103,171,41,80,5,0,"B","Action Games","B_Action Games_AssaultCube Portable.exe.json"
67,489,413,160,101,70,0,"B","Utilities","B_Utilities_AOMEIBackupperStd.exe.json"
68,85,76,32,27,5,0,"B","Utilities","B_Utilities_AOMEIBackupperStd.exe.json"
69,281,447,111,75,14,0,"B","Utilities","B_Utilities_AOMEIBackupperStd.exe.json"
70,261,158,90,51,6,0,"B","Utilities","B_Utilities_AOMEIBackupperStd.exe.json"
71,261,183,90,52,6,0,"B","Utilities","B_Utilities_AOMEIBackupperStd.exe.json"
72,483,444,158,103,66,0,"B","Music and Video","B_Music and Video_audacity-win-3.0.4-x64.exe.json"
73,98,85,38,28,5,0,"B","Music and Video","B_Music and Video_audacity-win-3.0.4-x64.exe.json"
74,162,150,66,47,6,0,"B","Music and Video","B_Music and Video_audacity-win-3.0.4-x64.exe.json"
75,76,63,23,27,58,0,"B","Music and Video","B_Music and Video_audacity-win-3.0.4-x64.exe.json"
76,72,16,20,27,3,0,"B","Music and Video","B_Music and Video_audacity-win-3.0.4-x64.exe.json"
77,103,216,41,115,5,0,"B","Auditory","B_Auditory_Solfege Portable.exe.json"
78,213,207,69,44,75,0,"B","Music and Video","B_Music and Video_blender-2.93.3-windows-x64.msi.json"
79,111,191,45,109,5,0,"B","Code Analysis","B_Code Analysis_Cppcheck Portable.exe.json"
80,111,188,45,108,5,0,"B","Database","B_Database_Database Browser Portable.exe.json"
81,103,154,41,80,5,0,"B","Dictionaries and Thesauruses","B_Dictionaries and Thesauruses_Artha Portable.exe.json"
82,103,195,41,118,5,0,"B","Dictionaries and Thesauruses","B_Dictionaries and Thesauruses_GoldenDict Portable.exe.json"
83,174,171,71,44,7,0,"B","DiscordSetup.exe.json","B_DiscordSetup.exe.json"
84,488,432,159,104,66,0,"B","dot11expert.exe.json","B_dot11expert.exe.json"
85,13,10,4,5,3,0,"B","dot11expert.exe.json","B_dot11expert.exe.json"
86,13,10,4,5,3,0,"B","dot11expert.exe.json","B_dot11expert.exe.json"
87,97,79,38,28,5,0,"B","dot11expert.exe.json","B_dot11expert.exe.json"
88,167,152,69,47,6,0,"B","dot11expert.exe.json","B_dot11expert.exe.json"
89,203,161,69,33,64,0,"B","dot11expert.exe.json","B_dot11expert.exe.json"
90,135,97,45,33,61,0,"B","dot11expert.exe.json","B_dot11expert.exe.json"
91,168,159,71,41,7,0,"B","dot11expert.exe.json","B_dot11expert.exe.json"
92,181,155,62,32,64,0,"B","dot11expert.exe.json","B_dot11expert.exe.json"
103,111,208,45,109,5,0,"B","education","B_education_Astronomy_Stellarium Portable.exe.json"
104,132,120,52,41,6,0,"B","FileZilla","B_FileZilla_3.55.0_win64-setup.exe.json"
105,131,109,51,37,6,0,"B","FocusWriter","B_FocusWriter_1.7.6.exe.json"
106,109,117,44,33,5,0,"B","games","B_games_Adventure Games_ADR Portable.exe.json"
107,111,196,45,113,5,0,"B","games","B_games_Adventure Games_BYOND Portable.exe.json"
108,483,360,158,102,66,0,"B","gimp-2.10.24-setup-3.exe.json","B_gimp-2.10.24-setup-3.exe.json"
109,98,85,38,28,5,0,"B","gimp-2.10.24-setup-3.exe.json","B_gimp-2.10.24-setup-3.exe.json"
110,153,150,61,46,7,0,"B","gimp-2.10.24-setup-3.exe.json","B_gimp-2.10.24-setup-3.exe.json"
111,178,156,57,40,68,0,"B","GoogleDriveSetup.exe.json","B_GoogleDriveSetup.exe.json"
112,483,401,158,102,70,0,"B","HandBrake-1.4.1-x86","B_HandBrake-1.4.1-x86_64-Win_GUI.exe.json"
113,123,123,51,35,5,0,"B","HandBrake-1.4.1-x86","B_HandBrake-1.4.1-x86_64-Win_GUI.exe.json"
114,483,426,158,102,70,0,"B","hdde","B_hdde_lite.exe.json"
115,13,10,4,5,3,0,"B","hdde","B_hdde_lite.exe.json"
116,97,79,38,28,5,0,"B","hdde","B_hdde_lite.exe.json"
117,167,151,69,46,6,0,"B","hdde","B_hdde_lite.exe.json"
118,203,160,69,34,69,0,"B","hdde","B_hdde_lite.exe.json"
119,135,100,45,33,62,0,"B","hdde","B_hdde_lite.exe.json"
120,165,171,70,43,7,0,"B","hdde","B_hdde_lite.exe.json"
121,483,380,158,102,66,0,"B","iobituninstaller.exe.json","B_iobituninstaller.exe.json"
122,84,72,32,27,5,0,"B","iobituninstaller.exe.json","B_iobituninstaller.exe.json"
123,138,119,54,40,7,0,"B","iobituninstaller.exe.json","B_iobituninstaller.exe.json"
124,68,60,19,22,45,0,"B","iTunes64Setup.exe.json","B_iTunes64Setup.exe.json"
125,80,71,23,27,59,0,"B","iview458","B_iview458_x64_setup.exe.json"
126,483,420,158,103,70,0,"B","kcleaner","B_kcleaner_lite.exe.json"
127,97,79,38,28,5,0,"B","kcleaner","B_kcleaner_lite.exe.json"
128,167,149,69,47,6,0,"B","kcleaner","B_kcleaner_lite.exe.json"
129,203,164,69,33,69,0,"B","kcleaner","B_kcleaner_lite.exe.json"
130,135,97,45,33,62,0,"B","kcleaner","B_kcleaner_lite.exe.json"
131,165,205,69,43,7,0,"B","kcleaner","B_kcleaner_lite.exe.json"
132,13,10,4,5,3,0,"B","kcleaner","B_kcleaner_lite.exe.json"
133,131,111,51,38,6,0,"B","kodi-19.1-Matrix-x64.exe.json","B_kodi-19.1-Matrix-x64.exe.json"
134,69,72,26,28,5,0,"B","kodi-19.1-Matrix-x64.exe.json","B_kodi-19.1-Matrix-x64.exe.json"
135,120,103,50,29,6,0,"B","kodi-19.1-Matrix-x64.exe.json","B_kodi-19.1-Matrix-x64.exe.json"
136,69,76,26,28,5,0,"B","kodi-19.1-Matrix-x64.exe.json","B_kodi-19.1-Matrix-x64.exe.json"
137,64,62,24,23,5,0,"B","kodi-19.1-Matrix-x64.exe.json","B_kodi-19.1-Matrix-x64.exe.json"
138,69,75,26,28,5,0,"B","kodi-19.1-Matrix-x64.exe.json","B_kodi-19.1-Matrix-x64.exe.json"
139,122,105,51,29,6,0,"B","kodi-19.1-Matrix-x64.exe.json","B_kodi-19.1-Matrix-x64.exe.json"
140,65,65,24,23,5,0,"B","kodi-19.1-Matrix-x64.exe.json","B_kodi-19.1-Matrix-x64.exe.json"
141,103,159,41,80,5,0,"B","Magnification","B_Magnification_Virtual Magnifying Glass Portable.exe.json"
142,111,111,45,33,5,0,"B","MusicBeeSetup","B_MusicBeeSetup_3_4_Update1.zip.json"
143,173,175,71,43,7,0,"B","MYKI-latest.exe.json","B_MYKI-latest.exe.json"
144,131,114,51,40,6,0,"B","npp.8.1.4.Installer.exe.json","B_npp.8.1.4.Installer.exe.json"
145,487,434,159,103,66,0,"B","phototofilm","B_phototofilm_lite.exe.json"
146,13,10,4,5,3,0,"B","phototofilm","B_phototofilm_lite.exe.json"
147,97,79,38,28,5,0,"B","phototofilm","B_phototofilm_lite.exe.json"
148,167,150,69,47,6,0,"B","phototofilm","B_phototofilm_lite.exe.json"
149,203,160,69,40,64,0,"B","phototofilm","B_phototofilm_lite.exe.json"
150,135,97,45,33,61,0,"B","phototofilm","B_phototofilm_lite.exe.json"
151,232,249,98,56,7,0,"B","phototofilm","B_phototofilm_lite.exe.json"
152,86,78,34,26,5,0,"B","PlexMediaServer-1.24.1.4931-1a38e63c6-x86.exe.json","B_PlexMediaServer-1.24.1.4931-1a38e63c6-x86.exe.json"
153,164,185,65,37,6,0,"B","PlexMediaServer-1.24.1.4931-1a38e63c6-x86.exe.json","B_PlexMediaServer-1.24.1.4931-1a38e63c6-x86.exe.json"
154,106,114,43,28,6,0,"B","PlexMediaServer-1.24.1.4931-1a38e63c6-x86.exe.json","B_PlexMediaServer-1.24.1.4931-1a38e63c6-x86.exe.json"
155,512,460,169,107,70,0,"B","portexpert","B_portexpert_lite.exe.json"
156,13,10,4,5,3,0,"B","portexpert","B_portexpert_lite.exe.json"
157,97,79,38,28,5,0,"B","portexpert","B_portexpert_lite.exe.json"
158,167,146,69,47,6,0,"B","portexpert","B_portexpert_lite.exe.json"
159,203,161,69,33,69,0,"B","portexpert","B_portexpert_lite.exe.json"
160,135,95,45,33,62,0,"B","portexpert","B_portexpert_lite.exe.json"
161,155,810,65,42,7,0,"B","portexpert","B_portexpert_lite.exe.json"
162,122,108,51,29,6,0,"B","ProtonVPN","B_ProtonVPN_win_v1.22.2.exe.json"
163,69,76,26,28,5,0,"B","ProtonVPN","B_ProtonVPN_win_v1.22.2.exe.json"
164,122,107,51,29,6,0,"B","ProtonVPN","B_ProtonVPN_win_v1.22.2.exe.json"
165,69,76,26,28,5,0,"B","ProtonVPN","B_ProtonVPN_win_v1.22.2.exe.json"
166,122,107,51,29,6,0,"B","ProtonVPN","B_ProtonVPN_win_v1.22.2.exe.json"
167,122,107,51,29,6,0,"B","ProtonVPN","B_ProtonVPN_win_v1.22.2.exe.json"
168,69,76,26,28,5,0,"B","ProtonVPN","B_ProtonVPN_win_v1.22.2.exe.json"
169,64,63,24,23,5,0,"B","ProtonVPN","B_ProtonVPN_win_v1.22.2.exe.json"
170,65,65,24,23,5,0,"B","ProtonVPN","B_ProtonVPN_win_v1.22.2.exe.json"
171,122,107,51,29,6,0,"B","ProtonVPN","B_ProtonVPN_win_v1.22.2.exe.json"
172,64,63,24,23,5,0,"B","ProtonVPN","B_ProtonVPN_win_v1.22.2.exe.json"
173,69,76,26,28,5,0,"B","ProtonVPN","B_ProtonVPN_win_v1.22.2.exe.json"
174,228,531,99,52,7,0,"B","ProtonVPN","B_ProtonVPN_win_v1.22.2.exe.json"
175,64,63,24,23,5,0,"B","ProtonVPN","B_ProtonVPN_win_v1.22.2.exe.json"
176,64,63,24,23,5,0,"B","ProtonVPN","B_ProtonVPN_win_v1.22.2.exe.json"
177,69,75,26,27,5,0,"B","ProtonVPN","B_ProtonVPN_win_v1.22.2.exe.json"
178,122,109,51,29,6,0,"B","ProtonVPN","B_ProtonVPN_win_v1.22.2.exe.json"
179,65,65,24,23,5,0,"B","ProtonVPN","B_ProtonVPN_win_v1.22.2.exe.json"
180,69,75,26,28,5,0,"B","ProtonVPN","B_ProtonVPN_win_v1.22.2.exe.json"
181,69,76,26,28,5,0,"B","ProtonVPN","B_ProtonVPN_win_v1.22.2.exe.json"
182,65,65,24,23,5,0,"B","ProtonVPN","B_ProtonVPN_win_v1.22.2.exe.json"
183,122,107,51,29,6,0,"B","ProtonVPN","B_ProtonVPN_win_v1.22.2.exe.json"
184,483,420,158,102,66,0,"B","ramexpert","B_ramexpert_lite.exe.json"
185,13,10,4,5,3,0,"B","ramexpert","B_ramexpert_lite.exe.json"
186,97,79,38,28,5,0,"B","ramexpert","B_ramexpert_lite.exe.json"
187,167,151,69,46,6,0,"B","ramexpert","B_ramexpert_lite.exe.json"
188,203,162,69,33,64,0,"B","ramexpert","B_ramexpert_lite.exe.json"
189,135,100,45,33,61,0,"B","ramexpert","B_ramexpert_lite.exe.json"
190,166,164,70,42,7,0,"B","ramexpert","B_ramexpert_lite.exe.json"
191,483,386,158,102,70,0,"B","readerdc","B_readerdc_en_xa_crd_install.exe.json"
192,259,389,112,69,9,1,"B","readerdc","B_readerdc_en_xa_crd_install.exe.json"
193,111,207,45,109,5,0,"B","Screen Reader","B_Screen Reader_NVDA Portable.exe.json"
194,483,363,158,102,66,0,"B","signal-desktop-win-5.14.0.exe.json","B_signal-desktop-win-5.14.0.exe.json"
195,119,113,46,28,6,0,"B","signal-desktop-win-5.14.0.exe.json","B_signal-desktop-win-5.14.0.exe.json"
196,483,423,158,102,70,0,"B","sumo","B_sumo_lite.exe.json"
197,13,10,4,5,3,0,"B","sumo","B_sumo_lite.exe.json"
198,97,79,38,28,5,0,"B","sumo","B_sumo_lite.exe.json"
199,167,150,69,46,6,0,"B","sumo","B_sumo_lite.exe.json"
200,203,160,69,40,69,0,"B","sumo","B_sumo_lite.exe.json"
201,135,97,45,33,62,0,"B","sumo","B_sumo_lite.exe.json"
202,150,171,62,42,7,0,"B","sumo","B_sumo_lite.exe.json"
203,483,426,158,102,66,0,"B","TeamViewer","B_TeamViewer_Setup_x64.exe.json"
204,107,103,43,34,5,0,"B","TeamViewer","B_TeamViewer_Setup_x64.exe.json"
205,133,185,54,38,6,0,"B","TeamViewer","B_TeamViewer_Setup_x64.exe.json"
206,86,76,33,27,5,0,"B","TeamViewer","B_TeamViewer_Setup_x64.exe.json"
207,142,143,44,43,54,0,"B","TeamViewer","B_TeamViewer_Setup_x64.exe.json"
208,84,75,32,26,5,0,"B","TeamViewer","B_TeamViewer_Setup_x64.exe.json"
209,210,214,92,54,6,0,"B","teracopy.exe.json","B_teracopy.exe.json"
210,241,408,104,53,8,0,"B","teracopy.exe.json","B_teracopy.exe.json"
211,111,200,45,114,5,0,"B","Text-to-Speech (TTS)","B_Text-to-Speech (TTS)_Balabolka Portable.exe.json"
212,111,196,45,109,5,0,"B","Text-to-Speech (TTS)","B_Text-to-Speech (TTS)_DSpeech Portable.exe.json"
213,483,430,158,102,66,0,"B","tsetup-x64.2.9.2.exe.json","B_tsetup-x64.2.9.2.exe.json"
214,97,79,38,28,5,0,"B","tsetup-x64.2.9.2.exe.json","B_tsetup-x64.2.9.2.exe.json"
215,134,135,55,41,5,0,"B","tsetup-x64.2.9.2.exe.json","B_tsetup-x64.2.9.2.exe.json"
216,245,583,77,74,65,0,"B","tsetup-x64.2.9.2.exe.json","B_tsetup-x64.2.9.2.exe.json"
217,103,156,41,80,5,0,"B","Typing Assistance","B_Typing Assistance_Dicom Portable.exe.json"
218,109,114,44,33,5,0,"B","Typing Assistance","B_Typing Assistance_On-Screen Keyboard Portable.exe.json"
219,84,83,32,28,5,0,"B","uTorrent.exe.json","B_uTorrent.exe.json"
220,285,446,119,123,66,16,"B","uTorrent.exe.json","B_uTorrent.exe.json"
221,12,10,3,5,3,1,"B","uTorrent.exe.json","B_uTorrent.exe.json"
222,483,425,158,102,66,0,"B","videoinspector","B_videoinspector_lite.exe.json"
223,149,157,62,44,7,0,"B","videoinspector","B_videoinspector_lite.exe.json"
224,13,10,4,5,3,0,"B","videoinspector","B_videoinspector_lite.exe.json"
225,97,79,38,28,5,0,"B","videoinspector","B_videoinspector_lite.exe.json"
226,167,143,69,47,6,0,"B","videoinspector","B_videoinspector_lite.exe.json"
227,203,164,69,33,64,0,"B","videoinspector","B_videoinspector_lite.exe.json"
228,126,131,51,41,7,0,"B","videoinspector","B_videoinspector_lite.exe.json"
229,135,97,45,33,61,0,"B","videoinspector","B_videoinspector_lite.exe.json"
230,173,176,71,43,7,0,"B","WhatsAppSetup.exe.json","B_WhatsAppSetup.exe.json"
231,483,441,158,102,66,0,"B","winrar-x64-602.exe.json","B_winrar-x64-602.exe.json"
232,213,190,71,64,56,0,"B","winrar-x64-602.exe.json","B_winrar-x64-602.exe.json"
233,121,97,36,31,60,0,"B","winrar-x64-602.exe.json","B_winrar-x64-602.exe.json"
234,483,461,158,102,70,0,"B","XnConvert-win-x64.exe.json","B_XnConvert-win-x64.exe.json"
235,13,10,4,5,3,0,"B","XnConvert-win-x64.exe.json","B_XnConvert-win-x64.exe.json"
236,97,79,38,28,5,0,"B","XnConvert-win-x64.exe.json","B_XnConvert-win-x64.exe.json"
237,155,145,65,43,6,0,"B","XnConvert-win-x64.exe.json","B_XnConvert-win-x64.exe.json"
238,203,165,69,33,69,0,"B","XnConvert-win-x64.exe.json","B_XnConvert-win-x64.exe.json"
239,135,102,45,33,62,0,"B","XnConvert-win-x64.exe.json","B_XnConvert-win-x64.exe.json"
809,489,413,160,101,70,0,"B","AOMEIBackupperStd.exe.json","B_AOMEIBackupperStd.exe.json"
810,85,76,32,27,5,0,"B","AOMEIBackupperStd.exe.json","B_AOMEIBackupperStd.exe.json"
811,281,447,111,75,14,0,"B","AOMEIBackupperStd.exe.json","B_AOMEIBackupperStd.exe.json"
812,261,158,90,51,6,0,"B","AOMEIBackupperStd.exe.json","B_AOMEIBackupperStd.exe.json"
813,261,183,90,52,6,0,"B","AOMEIBackupperStd.exe.json","B_AOMEIBackupperStd.exe.json"
814,483,444,158,103,66,0,"B","audacity-win-3.0.4-x64.exe.json","B_audacity-win-3.0.4-x64.exe.json"
815,98,85,38,28,5,0,"B","audacity-win-3.0.4-x64.exe.json","B_audacity-win-3.0.4-x64.exe.json"
816,162,150,66,47,6,0,"B","audacity-win-3.0.4-x64.exe.json","B_audacity-win-3.0.4-x64.exe.json"
817,76,63,23,27,58,0,"B","audacity-win-3.0.4-x64.exe.json","B_audacity-win-3.0.4-x64.exe.json"
818,72,16,20,27,3,0,"B","audacity-win-3.0.4-x64.exe.json","B_audacity-win-3.0.4-x64.exe.json"
819,213,207,69,44,75,0,"B","blender-2.93.3-windows-x64.msi.json","B_blender-2.93.3-windows-x64.msi.json"
820,111,198,45,108,5,0,"B","development","B_development_Packaging_NSIS Portable.exe.json"
821,111,198,45,109,5,0,"B","development","B_development_Packaging_PortableApps.com Installer.exe.json"
822,117,216,48,111,5,0,"B","development","B_development_Portablization_PortableApps.com Launcher.exe.json"
823,111,209,45,108,5,0,"B","development","B_development_Programming Environment_SWI-Prolog Portable.exe.json"
824,109,211,44,124,5,0,"B","development","B_development_Servers_XAMPP.exe.json"
825,103,172,41,83,5,0,"B","graphics","B_graphics_pictures_Diagramming_Dia Portable.exe.json"
826,111,192,45,108,5,0,"B","graphics","B_graphics_pictures_Diagramming_Pencil Project Portable.exe.json"
827,111,200,45,109,5,0,"B","graphics","B_graphics_pictures_Drawing and Animation_Pencil2D Portable.exe.json"
828,113,212,46,131,5,0,"B","graphics","B_graphics_pictures_Image Editors_AniFX Portable.exe.json"
829,103,196,41,118,5,0,"B","graphics","B_graphics_pictures_Image Editors_Caesium Portable.exe.json"
830,105,110,42,38,5,0,"B","graphics","B_graphics_pictures_Image Editors_FastStone Capture Portable.exe.json"
831,103,195,41,118,5,0,"B","graphics","B_graphics_pictures_Image Editors_Fotografix Portable.exe.json"
832,111,201,45,114,5,0,"B","graphics","B_graphics_pictures_Image Editors_FotoSketcher Portable.exe.json"
833,111,206,45,109,5,0,"B","internet","B_internet_Browsers_Falkon Portable.exe.json"
834,109,126,44,52,5,0,"B","internet","B_internet_Browsers_Google Chrome Portable.exe.json"
835,111,190,45,109,5,0,"B","internet","B_internet_Browsers_Iron Portable.exe.json"
836,111,191,45,109,5,0,"B","internet","B_internet_Browsers_K-Meleon Portable.exe.json"
837,111,191,45,109,5,0,"B","internet","B_internet_Browsers_Links Portable.exe.json"
838,111,212,45,109,5,0,"B","music","B_music_video_Audio Editors & Converters_Audacity Portable.exe.json"
839,109,129,44,53,5,0,"B","music","B_music_video_Audio Editors & Converters_CDex Portable.exe.json"
840,111,204,45,110,5,0,"B","office","B_office_Books_calibre Portable.exe.json"
841,111,211,45,109,5,0,"B","office","B_office_Books_Sigil Portable.exe.json"
842,109,119,44,33,5,0,"B","office","B_office_Calculators_SpeedCrunch Portable.exe.json"
843,111,188,45,108,5,0,"B","office","B_office_Cryptocurrency_Bitcoin Core Portable.exe.json"
844,111,188,45,108,5,0,"B","office","B_office_Cryptocurrency_Dogecoin Core Portable.exe.json"
845,111,188,45,108,5,0,"B","office","B_office_Cryptocurrency_Litecoin Core Portable.exe.json"
846,113,231,46,126,5,0,"B","office","B_office_Desktop Publishing_Scribus Portable.exe.json"
847,103,206,41,115,5,0,"B","office","B_office_Document Viewers_Evince Portable.exe.json"
848,111,200,45,114,5,0,"B","office","B_office_Document Viewers_Foxit Reader Portable.exe.json"
849,111,198,45,108,5,0,"B","security","B_security_Antivirus & Antispyware_ClamWin Portable.exe.json"
850,137,189,54,101,6,0,"B","security","B_security_Antivirus & Antispyware_Emsisoft Emergency Kit Portable.exe.json"
851,111,188,45,108,5,0,"B","security","B_security_Antivirus & Antispyware_HijackThis Portable.exe.json"
852,109,129,44,52,5,0,"B","security","B_security_Antivirus & Antispyware_Kaspersky TDSSKiller Portable.exe.json"
853,109,127,44,52,5,0,"B","security","B_security_Antivirus & Antispyware_McAfee Stinger Portable.exe.json"
854,111,194,45,109,5,0,"B","utilities","B_utilities_Disk Tools_CrystalDiskInfo Portable.exe.json"
855,111,190,45,109,5,0,"B","utilities","B_utilities_Disk Tools_CrystalDiskMark Portable.exe.json"
856,109,124,44,52,5,0,"B","utilities","B_utilities_Disk Tools_dfgPortable.exe.json"
857,109,116,44,33,5,0,"B","utilities","B_utilities_Disk Tools_HDHacker Portable.exe.json"
858,103,157,41,80,5,0,"B","utilities","B_utilities_Disk Tools_JkDefrag Portable.exe.json"
859,109,132,44,52,5,0,"B","utilities","B_utilities_Disk Tools_rcvPortable.exe.json"
860,111,191,45,109,5,0,"B","utilities","B_utilities_Disk Tools_Rufus Portable.exe.json"
861,111,197,45,114,5,0,"B","utilities","B_utilities_Disk Tools_Smart Defrag Portable.exe.json"
1365,109,127,44,33,5,0,"B","development","B_development_Text Editors & Integrated Development Environments_AkelPad Portable.exe.json"
1366,103,161,41,81,5,0,"B","development","B_development_Text Editors & Integrated Development Environments_Frhed Portable.exe.json"
1367,111,201,45,110,5,0,"B","development","B_development_Text Editors & Integrated Development Environments_Geany Portable.exe.json"
1368,111,206,45,109,5,0,"B","development","B_development_Text Editors & Integrated Development Environments_gVim Portable.exe.json"
1369,103,155,41,80,5,0,"B","development","B_development_Text Editors & Integrated Development Environments_HM NIS Edit Portable.exe.json"
1370,111,191,45,110,5,0,"B","development","B_development_Text Editors & Integrated Development Environments_Notepad++ Portable.exe.json"
1371,103,154,41,80,5,0,"B","development","B_development_Text Editors & Integrated Development Environments_Notepad2 Portable.exe.json"
1372,109,117,44,33,5,0,"B","development","B_development_Text Editors & Integrated Development Environments_Notepad2-mod Portable.exe.json"
1373,109,206,44,124,5,0,"B","development","B_development_Translation_IniTranslator Portable.exe.json"
1374,103,154,41,80,5,0,"B","development","B_development_Web Editors_KompoZer Portable.exe.json"
1375,111,235,45,120,5,0,"B","education","B_education_Genealogy_Gramps Portable.exe.json"
1376,109,124,44,33,5,0,"B","education","B_education_Geography_Marble Portable.exe.json"
1377,137,188,54,101,6,0,"B","education","B_education_Memorization_Mnemosyne Portable.exe.json"
1378,109,120,44,33,5,0,"B","education","B_education_Religion_BPBible Portable.exe.json"
1379,103,169,41,80,5,0,"B","education","B_education_Technical Computing_FreeMat Portable.exe.json"
1380,103,192,41,118,5,0,"B","education","B_education_Typing_TIPP10 Portable.exe.json"
1381,109,209,44,123,5,0,"B","education","B_education_Typing_TypeFaster Portable.exe.json"
1382,111,198,45,109,5,0,"B","games","B_games_Adventure Games_Mana Plus Portable.exe.json"
1383,111,196,45,109,5,0,"B","games","B_games_Adventure Games_The Legend of Edgar Portable.exe.json"
1384,111,192,45,109,5,0,"B","games","B_games_Arcade Games_Armagetron Advanced Portable.exe.json"
1385,109,124,44,33,5,0,"B","games","B_games_Arcade Games_Atomic Tanks Portable.exe.json"
1386,103,154,41,80,5,0,"B","games","B_games_Arcade Games_Beret Portable.exe.json"
1387,109,119,44,33,5,0,"B","games","B_games_Arcade Games_Canabalt Portable.exe.json"
1388,107,116,43,32,5,0,"B","games","B_games_Arcade Games_Chromium B.S.U. Portable.exe.json"
1389,111,193,45,108,5,0,"B","games","B_games_Arcade Games_Dave Gnukem Portable.exe.json"
1390,111,205,45,109,5,0,"B","games","B_games_Arcade Games_Hedgewars Portable.exe.json"
1391,103,155,41,80,5,0,"B","games","B_games_Arcade Games_I Have No Tomatoes Portable.exe.json"
1392,111,190,45,108,5,0,"B","games","B_games_Arcade Games_IceBreaker Portable.exe.json"
1393,103,193,41,117,5,0,"B","games","B_games_Arcade Games_Kobo Deluxe Portable.exe.json"
1394,111,193,45,108,5,0,"B","games","B_games_Arcade Games_LBreakout2 Portable.exe.json"
1395,111,212,45,109,5,0,"B","games","B_games_Arcade Games_SuperTux Portable.exe.json"
1396,111,191,45,109,5,0,"B","games","B_games_Arcade Games_X-Moto Portable.exe.json"
1397,109,116,44,33,5,0,"B","games","B_games_Board Games_Brutal Chess Portable.exe.json"
1398,137,199,54,112,6,0,"B","graphics","B_graphics_pictures_Image Editors_GIMP Portable.exe.json"
1399,109,123,44,33,5,0,"B","graphics","B_graphics_pictures_Image Editors_Greenfish Icon Editor Pro Portable.exe.json"
1400,113,213,46,131,5,0,"B","graphics","B_graphics_pictures_Image Editors_IcoFX Portable.exe.json"
1401,111,199,45,114,5,0,"B","graphics","B_graphics_pictures_Image Editors_IDPhotoStudio Portable.exe.json"
1402,137,189,54,102,6,0,"B","graphics","B_graphics_pictures_Image Editors_Krita Portable.exe.json"
1403,111,191,45,109,5,0,"B","graphics","B_graphics_pictures_Image Editors_LazPaint Portable.exe.json"
1404,111,216,45,109,5,0,"B","graphics","B_graphics_pictures_Image Editors_MyPaint Portable.exe.json"
1405,109,216,44,124,5,0,"B","graphics","B_graphics_pictures_Image Editors_PhotoFilmStrip Portable.exe.json"
1406,107,116,43,32,5,0,"B","graphics","B_graphics_pictures_Image Editors_PhotoFiltre Portable.exe.json"
1407,111,198,45,114,5,0,"B","graphics","B_graphics_pictures_Image Editors_PicPick Portable.exe.json"
1408,109,118,44,33,5,0,"B","graphics","B_graphics_pictures_Image Editors_PngOptimizer Portable.exe.json"
1409,111,212,45,109,5,0,"B","graphics","B_graphics_pictures_Image Editors_RawTherapee Portable.exe.json"
1410,103,154,41,80,5,0,"B","graphics","B_graphics_pictures_Image Editors_Smart Deblur Portable.exe.json"
1411,103,159,41,80,5,0,"B","graphics","B_graphics_pictures_Image Viewers_Cornice Portable.exe.json"
1412,103,190,41,115,5,0,"B","graphics","B_graphics_pictures_Image Viewers_DiffImg Portable.exe.json"
1413,111,196,45,114,5,0,"B","graphics","B_graphics_pictures_Image Viewers_FastStone Image Viewer Portable.exe.json"
1414,111,195,45,114,5,0,"B","graphics","B_graphics_pictures_Image Viewers_IrfanView Portable.exe.json"
1415,109,116,44,33,5,0,"B","graphics","B_graphics_pictures_Image Viewers_JPEGView Portable.exe.json"
1416,111,209,45,109,5,0,"B","graphics","B_graphics_pictures_Image Viewers_XnView Portable.exe.json"
1417,111,197,45,115,5,0,"B","graphics","B_graphics_pictures_Rendering_AndreaMosaic Portable.exe.json"
1418,109,126,44,33,5,0,"B","internet","B_internet_Browsers_Lynx Portable.exe.json"
1419,107,117,43,32,5,0,"B","internet","B_internet_Browsers_Maxthon Portable.exe.json"
1420,111,187,45,109,5,0,"B","internet","B_internet_Browsers_Mozilla Firefox Developer Edition, Portable.exe.json"
1421,111,186,45,109,5,0,"B","internet","B_internet_Browsers_Mozilla Firefox, Portable Edition.exe.json"
1422,111,117,45,25,5,0,"B","internet","B_internet_Browsers_Opera GX, Portable Edition.exe.json"
1423,111,199,45,113,5,0,"B","internet","B_internet_Browsers_Opera GX, Portable Edition.exe.json"
1424,111,199,45,114,5,0,"B","internet","B_internet_Browsers_Opera, Portable Edition.exe.json"
1425,135,122,53,37,6,0,"B","internet","B_internet_Browsers_QupZilla Portable.exe.json"
1426,109,121,44,24,5,0,"B","internet","B_internet_Browsers_QupZilla Portable.exe.json"
1427,103,158,41,80,5,0,"B","internet","B_internet_Chat, Instant Messaging & Phone_LAN Messenger Portable.exe.json"
1428,111,192,45,109,5,0,"B","internet","B_internet_Chat, Instant Messaging & Phone_Mumble Portable.exe.json"
1429,111,207,45,120,5,0,"B","internet","B_internet_Chat, Instant Messaging & Phone_Pidgin Portable.exe.json"
1430,111,195,45,109,5,0,"B","internet","B_internet_Chat, Instant Messaging & Phone_qTox Portable.exe.json"
1431,111,199,45,109,5,0,"B","music","B_music_video_Audio Editors & Converters_LameXP Portable.exe.json"
1432,103,195,41,118,5,0,"B","music","B_music_video_Audio Editors & Converters_TAudioConverter Portable.exe.json"
1433,103,193,41,117,5,0,"B","music","B_music_video_Audio Editors & Converters_TAudioConverter Portable.exe.json"
1434,111,188,45,108,5,0,"B","music","B_music_video_Audio Editors & Converters_winLAME Portable.exe.json"
1435,111,191,45,109,5,0,"B","music","B_music_video_Media Players_Media Player Classic - Home Cinema (MPC-HC) Portable.exe.json"
1436,111,201,45,108,5,0,"B","music","B_music_video_Media Players_Qmmp Portable.exe.json"
1437,111,204,45,120,5,0,"B","music","B_music_video_Media Players_SMPlayer Portable.exe.json"
1438,111,211,45,120,5,0,"B","music","B_music_video_Media Players_VLC Media Player Portable.exe.json"
1439,111,192,45,109,5,0,"B","music","B_music_video_Media Players_XMPlay Portable.exe.json"
1440,111,199,45,109,5,0,"B","music","B_music_video_Media Utilities_MediaInfo Portable.exe.json"
1441,111,202,45,109,5,0,"B","music","B_music_video_Media Utilities_MusicBrainz Picard Portable.exe.json"
1442,111,210,45,109,5,0,"B","music","B_music_video_Music Creation and Notation_Mixxx Portable.exe.json"
1443,111,201,45,109,5,0,"B","music","B_music_video_Music Creation and Notation_MuseScore Portable.exe.json"
1444,111,194,45,109,5,0,"B","music","B_music_video_Video Editors, Converters,  & Recorders_Avidemux Portable.exe.json"
1445,111,205,45,114,5,0,"B","office","B_office_Document Viewers_PDF-XChange Editor Portable.exe.json"
1446,113,209,46,126,5,0,"B","office","B_office_Document Viewers_PDF-XChange Viewer Portable.exe.json"
1447,111,191,45,109,5,0,"B","office","B_office_Document Viewers_Sumatra PDF Portable.exe.json"
1448,103,199,41,118,5,0,"B","office","B_office_Document Viewers_WinDjView Portable.exe.json"
1449,109,201,44,123,5,0,"B","office","B_office_Financial_Finance Explorer Portable.exe.json"
1450,137,188,54,101,6,0,"B","office","B_office_Financial_GnuCash Portable.exe.json"
1451,111,195,45,109,5,0,"B","office","B_office_Financial_Money Manager Ex Portable.exe.json"
1452,111,202,45,110,5,0,"B","office","B_office_Journaling_RedNotebook Portable.exe.json"
1453,137,204,54,119,6,0,"B","office","B_office_Office Suites_Apache OpenOffice Portable.exe.json"
1454,109,129,44,52,5,0,"B","security","B_security_Antivirus & Antispyware_mssPortable.exe.json"
1455,111,199,45,114,5,0,"B","security","B_security_Antivirus & Antispyware_Spybot - Search & Destroy Portable.exe.json"
1456,111,192,45,107,5,0,"B","security","B_security_Encryption and Signing_GPG Plugin Portable.exe.json"
1457,111,208,45,114,5,0,"B","security","B_security_Encryption and Signing_VeraCrypt Portable.exe.json"
1458,103,157,41,80,5,0,"B","security","B_security_Firewall_PeerBlock.exe.json"
1459,111,191,45,109,5,0,"B","security","B_security_Password Managers and Generators_KeePass Classic Password Safe Portable.exe.json"
1460,111,199,45,108,5,0,"B","security","B_security_Password Managers and Generators_KeePass Professional Password Safe Portable.exe.json"
1461,111,198,45,109,5,0,"B","security","B_security_Password Managers and Generators_KeePassXC Portable.exe.json"
1462,103,158,41,80,5,0,"B","security","B_security_Password Managers and Generators_Password Gorilla Portable.exe.json"
1463,111,193,45,109,5,0,"B","security","B_security_Password Managers and Generators_PWGen Portable.exe.json"
1464,103,154,41,80,5,0,"B","security","B_security_Secure File Deletion_Eraser Portable.exe.json"
1465,103,154,41,80,5,0,"B","security","B_security_Secure File Deletion_EraserDrop Portable.exe.json"
1466,109,117,44,33,5,0,"B","utilities","B_utilities_Disk Tools_SSD-Z Portable.exe.json"
1467,111,199,45,109,5,0,"B","utilities","B_utilities_Disk Tools_UltraDefrag Portable.exe.json"
1468,111,191,45,109,5,0,"B","utilities","B_utilities_Disk Tools_UNetbootin Portable.exe.json"
1469,107,111,43,32,5,0,"B","utilities","B_utilities_Disk Tools_WinCDEmu Portable.exe.json"
1470,111,199,45,114,5,0,"B","utilities","B_utilities_Disk Tools_Wise Disk Cleaner Portable.exe.json"
1471,111,188,45,108,5,0,"B","utilities","B_utilities_Disk Tools_YUMI Portable.exe.json"
1472,111,195,45,108,5,0,"B","utilities","B_utilities_Disk Tools_YUMI-UEFI Portable.exe.json"
1473,103,154,41,80,5,0,"B","utilities","B_utilities_File Comparison_Diffpdf Portable.exe.json"
1474,103,156,41,80,5,0,"B","utilities","B_utilities_File Comparison_Duplicate Files Finder Portable.exe.json"
1475,103,157,41,80,5,0,"B","utilities","B_utilities_File Comparison_Regshot Portable.exe.json"
1476,113,215,46,130,5,0,"B","utilities","B_utilities_File Comparison_WhatChanged Portable.exe.json"
1477,111,192,45,109,5,0,"B","utilities","B_utilities_File Comparison_WinMerge 2011 Portable.exe.json"
1478,111,201,45,109,5,0,"B","utilities","B_utilities_File Comparison_WinMerge Portable.exe.json"
1479,111,192,45,109,5,0,"B","utilities","B_utilities_File Compression & Packaging_7-Zip Portable.exe.json"
1480,137,189,54,101,6,0,"B","utilities","B_utilities_File Compression & Packaging_FileOptimizer Portable.exe.json"
1481,111,196,45,109,5,0,"B","utilities","B_utilities_File Compression & Packaging_FUPX Portable.exe.json"
1482,111,193,45,109,5,0,"B","utilities","B_utilities_File Compression & Packaging_PeaZip Portable.exe.json"
1483,111,191,45,108,5,0,"B","utilities","B_utilities_File Compression & Packaging_PortableApps.com AppCompactor.exe.json"
1484,103,157,41,80,5,0,"B","utilities","B_utilities_File Managers_CubicExplorer Portable.exe.json"
1485,103,158,41,80,5,0,"B","utilities","B_utilities_File Managers_Explorer++Portable.exe.json"
1486,111,195,45,109,5,0,"B","utilities","B_utilities_File Managers_FileVoyager Portable.exe.json"
1487,111,191,45,109,5,0,"B","internet","B_internet_Chat, Instant Messaging & Phone_Telegram Desktop Portable.exe.json"
1488,109,117,44,33,5,0,"B","internet","B_internet_Download Managers and Accelerators_DamnVid Portable.exe.json"
1489,113,213,46,131,5,0,"B","internet","B_internet_Download Managers and Accelerators_Free Download Manager Portable.exe.json"
1490,111,217,45,120,5,0,"B","internet","B_internet_Download Managers and Accelerators_uGet Portable.exe.json"
1491,107,110,43,32,5,0,"B","internet","B_internet_Download Managers and Accelerators_WinWGet Portable.exe.json"
1492,103,195,41,118,5,0,"B","internet","B_internet_Download Managers and Accelerators_wxDownload Fast Portable.exe.json"
1493,111,185,45,109,5,0,"B","internet","B_internet_Email_Mozilla Thunderbird, Portable Edition.exe.json"
1494,107,125,43,32,5,0,"B","internet","B_internet_Email_Opera Mail Portable.exe.json"
1495,111,197,45,109,5,0,"B","internet","B_internet_Email_PopMan Portable.exe.json"
1496,109,129,44,33,5,0,"B","internet","B_internet_Email_Sylpheed Portable.exe.json"
1497,111,194,45,109,5,0,"B","internet","B_internet_File Sharing_qBittorrent Portable.exe.json"
1498,111,191,45,109,5,0,"B","internet","B_internet_File Sharing_Transmission Portable.exe.json"
1499,109,128,44,52,5,0,"B","internet","B_internet_File Sharing_ÂµTorrent Portable.exe.json"
1500,111,206,45,109,5,0,"B","internet","B_internet_FTP, SFTP and SCP Clients_FileZilla Portable.exe.json"
1501,111,208,45,120,5,0,"B","internet","B_internet_FTP, SFTP and SCP Clients_WinSCP Portable.exe.json"
1502,507,370,168,105,70,0,"B","internet","B_internet_Podcast Receivers_gPodder Portable.exe.json"
1503,131,243,53,123,5,0,"B","internet","B_internet_Podcast Receivers_gPodder Portable.exe.json"
1504,103,154,41,80,5,0,"B","internet","B_internet_RSS Readers_FeedRoller Portable.exe.json"
1505,111,191,45,109,5,0,"B","internet","B_internet_RSS Readers_QuiteRSS Portable.exe.json"
1506,111,192,45,108,5,0,"B","internet","B_internet_Telnet & SSH_KiTTY Portable.exe.json"
1507,111,188,45,108,5,0,"B","internet","B_internet_Telnet & SSH_PuTTY Portable.exe.json"
1508,111,202,45,109,5,0,"B","music","B_music_video_Video Editors, Converters,  & Recorders_OBS Studio Portable.exe.json"
1509,137,189,54,101,6,0,"B","music","B_music_video_Video Editors, Converters,  & Recorders_OpenShot Portable.exe.json"
1510,137,188,54,101,6,0,"B","music","B_music_video_Video Editors, Converters,  & Recorders_Shotcut Portable.exe.json"
1511,107,120,43,32,5,0,"B","music","B_music_video_Video Editors, Converters,  & Recorders_TEncoder Video Converter Portable.exe.json"
1512,103,161,41,80,5,0,"B","music","B_music_video_Video Editors, Converters,  & Recorders_VirtualDub Portable.exe.json"
1513,109,119,44,46,5,0,"B","office","B_office_Office Suites_LibreOffice Portable.exe.json"
1514,137,228,54,110,6,0,"B","office","B_office_Organization_Cherrytree Portable.exe.json"
1515,111,147,45,24,5,0,"B","office","B_office_Organization_Cherrytree Portable.exe.json"
1516,111,192,45,109,5,0,"B","office","B_office_Organization_QOwnNotes Portable.exe.json"
1517,120,142,46,70,6,0,"B","office","B_office_Organization_Task Coach Portable.exe.json"
1518,109,208,44,123,5,0,"B","office","B_office_Organization_The Guide Portable.exe.json"
1519,113,213,46,131,5,0,"B","office","B_office_Other_CintaNotes Portable.exe.json"
1520,103,162,41,80,5,0,"B","office","B_office_Other_KeepNotePortable.exe.json"
1521,109,116,44,33,5,0,"B","office","B_office_Other_PDFTK Builder Portable.exe.json"
1522,137,199,54,114,6,0,"B","office","B_office_Presentations_LibreOffice Portable Impress.exe.json"
1523,111,200,45,114,5,0,"B","utilities","B_utilities_File Managers_FreeCommander Portable.exe.json"
1524,111,196,45,114,5,0,"B","utilities","B_utilities_File Managers_Q-Dir Portable.exe.json"
1525,111,204,45,109,5,0,"B","utilities","B_utilities_Font Tools_FontForge Portable.exe.json"
1526,103,157,41,80,5,0,"B","utilities","B_utilities_Networking_DynDNS Simply Client Portable.exe.json"
1527,109,125,44,52,5,0,"B","utilities","B_utilities_Networking_TCPView Portable.exe.json"
1528,103,154,41,80,5,0,"B","utilities","B_utilities_Networking_WinMTR Portable.exe.json"
1529,103,196,41,118,5,0,"B","utilities","B_utilities_Other_Ant Renamer Portable.exe.json"
1530,111,198,45,114,5,0,"B","utilities","B_utilities_Other_AquaSnap Portable.exe.json"
1531,115,134,47,54,5,0,"B","utilities","B_utilities_Other_Autoruns Portable.exe.json"
1532,107,109,43,32,5,0,"B","utilities","B_utilities_Other_BabelMap Portable.exe.json"
1533,111,202,45,110,5,0,"B","utilities","B_utilities_Other_BleachBit Portable.exe.json"
1534,111,195,45,114,5,0,"B","utilities","B_utilities_Other_BOINC Portable.exe.json"
1535,111,188,45,108,5,0,"B","utilities","B_utilities_Other_CamStudio Portable.exe.json"
1536,109,122,44,52,5,0,"B","utilities","B_utilities_Other_ccPortable.exe.json"
1537,111,189,45,109,5,0,"B","utilities","B_utilities_Other_Checksum Control Portable.exe.json"
1538,111,191,45,109,5,0,"B","utilities","B_utilities_Other_Command Prompt Portable.exe.json"
1539,103,160,41,80,5,0,"B","utilities","B_utilities_Other_Console Portable.exe.json"
1540,103,154,41,80,5,0,"B","utilities","B_utilities_Other_ControlPad Portable.exe.json"
1541,113,211,46,131,5,0,"B","utilities","B_utilities_Other_Converber Portable.exe.json"
1542,111,191,45,109,5,0,"B","utilities","B_utilities_Other_ConvertAll Portable.exe.json"
1543,111,191,45,109,5,0,"B","utilities","B_utilities_Other_CopyQ Portable.exe.json"
1544,111,194,45,113,5,0,"B","utilities","B_utilities_Other_CPU-Z Portable.exe.json"
1545,109,122,44,52,5,0,"B","utilities","B_utilities_Other_DebugView Portable.exe.json"
1546,111,196,45,109,5,0,"B","utilities","B_utilities_Other_Ditto Portable.exe.json"
1547,103,156,41,80,5,0,"B","utilities","B_utilities_Other_dotNETInspector Portable.exe.json"
1548,111,198,45,114,5,0,"B","utilities","B_utilities_Other_DUMo Portable.exe.json"
1549,113,207,46,126,5,0,"B","utilities","B_utilities_Other_FastCopy Portable.exe.json"
1550,103,155,41,80,5,0,"B","utilities","B_utilities_Other_FileAlyzer Portable.exe.json"
1551,111,210,45,114,5,0,"B","utilities","B_utilities_Other_Folding@home Portable.exe.json"
1552,111,191,45,109,5,0,"B","utilities","B_utilities_Other_GeekUninstaller Portable.exe.json"
1553,111,188,45,107,5,0,"B","utilities","B_utilities_Other_Ghostscript Portable.exe.json"
1554,111,191,45,109,5,0,"B","utilities","B_utilities_Other_GPU-Z Portable.exe.json"
1555,111,192,45,109,5,0,"B","utilities","B_utilities_Other_grepWin Portable.exe.json"
1556,111,199,45,113,5,0,"B","utilities","B_utilities_Other_HWiNFO Portable.exe.json"
1557,109,123,44,33,5,0,"B","utilities","B_utilities_Other_IObit Uninstaller Portable.exe.json"
1558,111,200,45,114,5,0,"B","utilities","B_utilities_Other_IObit Unlocker Portable.exe.json"
1559,109,130,44,52,5,0,"B","utilities","B_utilities_Other_jdkPortable.exe.json"
1560,119,227,49,128,5,0,"B","utilities","B_utilities_Other_jPortable Launcher.exe.json"
1561,109,124,44,53,5,0,"B","utilities","B_utilities_Other_jPortable.exe.json"
1562,111,204,45,114,5,0,"B","utilities","B_utilities_Other_KCleaner Portable.exe.json"
1563,111,189,45,108,5,0,"B","utilities","B_utilities_Other_Lightscreen Portable.exe.json"
1564,103,156,41,80,5,0,"B","utilities","B_utilities_Other_Listary Portable.exe.json"
1565,111,189,45,107,5,0,"B","utilities","B_utilities_Other_OpenJDK JRE Portable.exe.json"
1566,111,192,45,107,5,0,"B","utilities","B_utilities_Other_OpenJDK Portable.exe.json"
1567,109,116,44,33,5,0,"B","utilities","B_utilities_Other_PCI-Z Portable.exe.json"
1568,103,154,41,80,5,0,"B","utilities","B_utilities_Other_QwikMark Portable.exe.json"
1569,109,129,44,52,5,0,"B","utilities","B_utilities_Other_RAMMap Portable.exe.json"
1570,111,191,45,108,5,0,"B","utilities","B_utilities_Other_Rapid CRC Unicode Portable.exe.json"
1571,111,189,45,108,5,0,"B","utilities","B_utilities_Other_RBTray Portable.exe.json"
1572,103,157,41,80,5,0,"B","utilities","B_utilities_Other_RegAlyzer Portable.exe.json"
1573,111,191,45,109,5,0,"B","utilities","B_utilities_Other_ReNamer Portable.exe.json"
1574,111,197,45,113,5,0,"B","utilities","B_utilities_Other_Resource Hacker Portable.exe.json"
1575,111,198,45,114,5,0,"B","utilities","B_utilities_Other_Revo Uninstaller Portable.exe.json"
1576,111,188,45,108,5,0,"B","utilities","B_utilities_Other_Shortcuts Search And Replace Portable.exe.json"
1577,103,158,41,81,5,0,"B","utilities","B_utilities_Other_SIW (System Information for Windows) Portable.exe.json"
1578,109,131,44,52,5,0,"B","utilities","B_utilities_Other_specPortable.exe.json"
1579,111,193,45,108,5,0,"B","utilities","B_utilities_Other_SpeedyFox Portable.exe.json"
1580,111,197,45,113,5,0,"B","utilities","B_utilities_Other_Startup Sentinel Portable.exe.json"
1581,111,193,45,113,5,0,"B","utilities","B_utilities_Other_SUMo Portable.exe.json"
1582,111,193,45,113,5,0,"B","utilities","B_utilities_Other_TinyTask Portable.exe.json"
1583,111,194,45,114,5,0,"B","utilities","B_utilities_Other_TreeSize Free Portable.exe.json"
1584,113,212,46,130,5,0,"B","utilities","B_utilities_Other_TyperTask Portable.exe.json"
1585,111,191,45,109,5,0,"B","utilities","B_utilities_Other_Virtual Volumes View Portable.exe.json"
1586,111,188,45,108,5,0,"B","utilities","B_utilities_Other_VirtuaWin Portable.exe.json"
1587,103,156,41,80,5,0,"B","utilities","B_utilities_Other_WhoDat Portable.exe.json"
1588,103,157,41,80,5,0,"B","utilities","B_utilities_Other_WinDirStat Portable.exe.json"
1589,103,155,41,80,5,0,"B","utilities","B_utilities_Other_Windows Error Lookup Tool Portable.exe.json"
1590,103,154,41,80,5,0,"B","utilities","B_utilities_Other_winMd5Sum Portable.exe.json"
1591,109,126,44,52,5,0,"B","utilities","B_utilities_Other_WinObj Portable.exe.json"
1592,111,200,45,114,5,0,"B","utilities","B_utilities_Other_Wise Data Recovery Portable.exe.json"
1593,111,199,45,114,5,0,"B","utilities","B_utilities_Other_Wise Program Uninstaller Portable.exe.json"
1594,111,199,45,114,5,0,"B","utilities","B_utilities_Other_Wise Registry Cleaner Portable.exe.json"
1595,111,196,45,114,5,0,"B","utilities","B_utilities_Other_WizTree Portable.exe.json"
1596,111,193,45,109,5,0,"B","utilities","B_utilities_Other_Workrave Portable.exe.json"
1597,103,165,41,81,5,0,"B","utilities","B_utilities_Other_xpy Portable.exe.json"
1598,111,195,45,108,5,0,"B","utilities","B_utilities_Other_Zint Barcode Studio Portable.exe.json"
1599,103,158,41,81,5,0,"B","utilities","B_utilities_Other_ZSoft Uninstaller Portable.exe.json"
1600,103,154,41,80,5,0,"B","utilities","B_utilities_Remote Connectivity_2X Client Portable.exe.json"
1601,103,160,41,81,5,0,"B","utilities","B_utilities_Remote Connectivity_TeamViewer Portable.exe.json"
1602,111,200,45,114,5,0,"B","utilities","B_utilities_Synchronization_DSynchronize Portable.exe.json"
1603,103,161,41,80,5,0,"B","utilities","B_utilities_Synchronization_FreeFileSync Portable.exe.json"
1604,103,195,41,118,5,0,"B","utilities","B_utilities_Synchronization_Synkron Portable.exe.json"
1605,111,190,45,109,5,0,"B","utilities","B_utilities_Synchronization_Toucan.exe.json"
1606,103,199,41,118,5,0,"B","utilities","B_utilities_Task Managers_Daphne Portable.exe.json"
1607,111,199,45,114,5,0,"B","utilities","B_utilities_Task Managers_DTaskManager Portable.exe.json"
1608,109,128,44,52,5,0,"B","utilities","B_utilities_Task Managers_Process Explorer Portable.exe.json"
1609,107,109,43,32,5,0,"B","utilities","B_utilities_Task Managers_Process Hacker Portable.exe.json"
1610,109,127,44,52,5,0,"B","utilities","B_utilities_Task Managers_Process Monitor Portable.exe.json"
1611,107,110,43,32,5,0,"B","utilities","B_utilities_Task Managers_System Explorer Portable.exe.json"
1612,109,127,44,52,5,0,"B","utilities","B_utilities_Task Managers_VMMap Portable.exe.json"
1613,103,154,41,80,5,0,"B","utilities","B_utilities_Timers and Clocks_Cook Timer Portable.exe.json"
10,123,206,41,71,98,19,"M","EternalRocks.json","M_EternalRocks.json"
11,44,59,19,27,6,0,"M","GrandCrab.json","M_GrandCrab.json"
12,173,183,59,66,79,11,"M","Jigsaw.json","M_Jigsaw.json"
13,123,193,40,87,90,19,"M","Jigsaw.json","M_Jigsaw.json"
14,120,103,50,29,6,0,"M","WannaCry.json","M_WannaCry.json"
15,52,61,22,22,5,0,"M","WannaCry.json","M_WannaCry.json"
16,107,77,44,31,6,0,"M","WannaCry.json","M_WannaCry.json"
17,107,77,44,31,6,0,"M","WannaCry.json","M_WannaCry.json"
18,52,61,22,22,5,0,"M","WannaCry.json","M_WannaCry.json"
19,52,61,22,22,5,0,"M","WannaCry.json","M_WannaCry.json"
20,52,61,22,22,5,0,"M","WannaCry.json","M_WannaCry.json"
21,108,68,44,32,3,0,"M","WannaCry.json","M_WannaCry.json"
22,122,94,49,28,6,0,"M","WannaCry.json","M_WannaCry.json"
23,107,77,44,31,6,0,"M","WannaCry.json","M_WannaCry.json"
24,94,149,37,27,5,0,"M","WannaCry.json","M_WannaCry.json"
25,66,65,25,22,5,0,"M","WannaCry.json","M_WannaCry.json"
26,69,76,26,29,5,0,"M","WannaCry.json","M_WannaCry.json"
27,48,60,20,23,5,0,"M","WannaCry.json","M_WannaCry.json"
28,52,61,22,22,5,0,"M","WannaCry.json","M_WannaCry.json"
29,34,47,13,19,5,0,"M","WannaCry.json","M_WannaCry.json"
30,69,73,26,28,5,0,"M","WannaCry.json","M_WannaCry.json"
31,69,74,26,28,5,0,"M","WannaCry.json","M_WannaCry.json"
32,127,135,54,35,6,0,"M","WannaCry.json","M_WannaCry.json"
33,34,48,13,19,5,0,"M","WannaCry.json","M_WannaCry.json"
34,107,77,44,31,6,0,"M","WannaCry.json","M_WannaCry.json"
35,71,67,27,24,6,0,"M","WannaCry.json","M_WannaCry.json"
36,83,88,33,27,5,0,"M","WannaCry.json","M_WannaCry.json"
37,68,70,26,28,5,0,"M","WannaCry.json","M_WannaCry.json"
38,69,71,26,28,5,0,"M","Zeppelin.json","M_Zeppelin.json"
39,120,102,50,29,6,0,"M","Zeppelin.json","M_Zeppelin.json"
40,120,101,50,29,6,0,"M","Zeppelin.json","M_Zeppelin.json"
41,83,89,33,27,5,0,"M","Zeppelin.json","M_Zeppelin.json"
42,69,75,26,28,5,0,"M","Zeppelin.json","M_Zeppelin.json"
43,66,65,25,23,5,0,"M","Zeppelin.json","M_Zeppelin.json"
44,83,89,33,27,5,0,"M","Zeppelin.json","M_Zeppelin.json"
45,105,101,44,29,6,0,"M","Zeppelin.json","M_Zeppelin.json"
46,94,86,37,26,7,1,"M","Zeppelin.json","M_Zeppelin.json"
47,73,68,28,22,6,0,"M","Zeppelin.json","M_Zeppelin.json"
48,66,70,25,28,5,0,"M","Zeppelin.json","M_Zeppelin.json"
49,162,158,67,35,7,1,"M","Zeppelin.json","M_Zeppelin.json"
50,128,133,51,40,6,0,"M","Zeppelin.json","M_Zeppelin.json"
51,66,70,25,28,5,0,"M","Zeppelin.json","M_Zeppelin.json"
52,127,128,52,33,6,0,"M","Zeppelin.json","M_Zeppelin.json"
53,108,114,42,35,6,0,"M","Zeppelin.json","M_Zeppelin.json"
54,69,75,26,28,5,0,"M","Zeppelin.json","M_Zeppelin.json"
55,73,68,28,22,6,0,"M","Zeppelin.json","M_Zeppelin.json"
56,95,90,37,34,6,0,"M","Zeppelin.json","M_Zeppelin.json"
57,160,157,69,33,7,1,"M","Zeppelin.json","M_Zeppelin.json"
58,73,68,28,22,6,0,"M","Zeppelin.json","M_Zeppelin.json"
59,66,70,25,28,5,0,"M","Zeppelin.json","M_Zeppelin.json"
60,12,10,4,5,3,0,"M","Zeppelin.json","M_Zeppelin.json"
61,127,135,52,32,6,0,"M","Zeppelin.json","M_Zeppelin.json"
62,105,101,44,29,6,0,"M","Zeppelin.json","M_Zeppelin.json"
63,73,68,28,22,6,0,"M","Zeppelin.json","M_Zeppelin.json"
64,66,65,25,23,5,0,"M","Zeppelin.json","M_Zeppelin.json"
65,69,76,26,28,5,0,"M","Zeppelin.json","M_Zeppelin.json"
252,31,50,12,25,7,0,"M","ArkeiStealer","M_ArkeiStealer_3edbea6a51777aa0f851e4df845fe743273efbad2989c5eaf8c5340b263f1292.exe.json"
253,66,64,25,26,7,0,"M","ArkeiStealer","M_ArkeiStealer_744ec52f480cb86b7e84fbbfe4b1880f57219dae5683b746f88d6ee4ba394751.exe.json"
254,66,64,25,25,7,0,"M","ArkeiStealer","M_ArkeiStealer_8a4214d3c69df6a10e057fe1071e6bbb2ebd463bf3e73b9c66c3cbf3f31839b2.exe.json"
255,64,61,24,24,7,0,"M","ArkeiStealer","M_ArkeiStealer_fdf29de5bc715feaa80709bdddd59b8293aa538d257ba9dd6a287d065ecb68a8.exe.json"
256,44,56,18,26,7,0,"M","Avaddon","M_Avaddon_48689c986eb553e6a7aeba973501b9660cb1418d4ec3ba9d0511f82799d1422c.exe.json"
257,120,101,50,29,6,0,"M","Avaddon","M_Avaddon_c14dd4a0831ea2548e1ddfd54b9704fe8ad0057924ede041c8c064b66690a028.exe.json"
258,83,88,33,27,5,0,"M","Avaddon","M_Avaddon_c14dd4a0831ea2548e1ddfd54b9704fe8ad0057924ede041c8c064b66690a028.exe.json"
259,120,101,50,29,6,0,"M","Avaddon","M_Avaddon_c14dd4a0831ea2548e1ddfd54b9704fe8ad0057924ede041c8c064b66690a028.exe.json"
260,83,88,33,27,5,0,"M","Avaddon","M_Avaddon_c14dd4a0831ea2548e1ddfd54b9704fe8ad0057924ede041c8c064b66690a028.exe.json"
261,120,101,50,29,6,0,"M","Avaddon","M_Avaddon_c14dd4a0831ea2548e1ddfd54b9704fe8ad0057924ede041c8c064b66690a028.exe.json"
262,83,89,33,27,5,0,"M","Avaddon","M_Avaddon_c14dd4a0831ea2548e1ddfd54b9704fe8ad0057924ede041c8c064b66690a028.exe.json"
263,136,203,55,28,6,0,"M","Babuk","M_Babuk_6103e26f6f9d5fd895d9c06e1f5e141ce74d8ebda999cda6a58a4393de5ed094.exe.json"
264,55,58,15,25,42,0,"M","Babuk","M_Babuk_6103e26f6f9d5fd895d9c06e1f5e141ce74d8ebda999cda6a58a4393de5ed094.exe.json"
265,85,74,26,27,61,0,"M","Babuk","M_Babuk_6103e26f6f9d5fd895d9c06e1f5e141ce74d8ebda999cda6a58a4393de5ed094.exe.json"
266,55,58,15,25,42,0,"M","Babuk","M_Babuk_ab4eae618bb05b4fb4a8d3790a0d18a3e1566ab477519991cb161398803a8847.exe.json"
267,85,74,26,27,60,0,"M","Babuk","M_Babuk_ab4eae618bb05b4fb4a8d3790a0d18a3e1566ab477519991cb161398803a8847.exe.json"
268,136,211,55,28,6,0,"M","Babuk","M_Babuk_bb31f235e86b0fda185e6580ef5327f80d6a6c754f78499e8647de5e229769cc.exe.json"
269,55,58,15,25,42,0,"M","Babuk","M_Babuk_bb31f235e86b0fda185e6580ef5327f80d6a6c754f78499e8647de5e229769cc.exe.json"
270,85,73,26,27,61,0,"M","Babuk","M_Babuk_bb31f235e86b0fda185e6580ef5327f80d6a6c754f78499e8647de5e229769cc.exe.json"
271,136,207,55,28,6,0,"M","Babuk","M_Babuk_f1719415abe4dcba0daef0a1e5c8994d1d3c0c659d3e0a11b34f307370dd8683.exe.json"
272,55,58,15,25,42,0,"M","Babuk","M_Babuk_f1719415abe4dcba0daef0a1e5c8994d1d3c0c659d3e0a11b34f307370dd8683.exe.json"
273,85,73,26,27,60,0,"M","Babuk","M_Babuk_f1719415abe4dcba0daef0a1e5c8994d1d3c0c659d3e0a11b34f307370dd8683.exe.json"
274,67,61,26,21,5,0,"M","BB","M_BB_dee28396d1ec3e91bad9b0cb0b945a5512a70882bffbb1f47e153b27b41977df.exe.json"
275,65,71,19,21,60,0,"M","BlackKingdom","M_BlackKingdom_e4d74735b0fe22e977c622d8bcd6de638ebbb71aaaace38a0a924fc514131e18.exe.json"
276,85,68,25,28,60,0,"M","BlackKingdom","M_BlackKingdom_e4d74735b0fe22e977c622d8bcd6de638ebbb71aaaace38a0a924fc514131e18.exe.json"
277,43,64,13,18,56,0,"M","BlackKingdom","M_BlackKingdom_fed02796762f63978094ad4b21b1952948cea78281abb55ba58bbb7886531ea1.exe.json"
278,40,50,12,19,56,0,"M","BlackKingdom","M_BlackKingdom_fed02796762f63978094ad4b21b1952948cea78281abb55ba58bbb7886531ea1.exe.json"
279,93,77,28,28,64,0,"M","BlackRose","M_BlackRose_8fec485e47fd1231aeb1a4107a4918f92c2b15fa66e9171be39a765d26a12acb.exe.json"
280,62,58,18,21,50,0,"M","Clay","M_Clay_d2524674412165813d8a648cdd3ef7788915d4187fef8e9484a45517dfc97ff2.exe.json"
281,104,88,42,27,6,0,"M","Clop","M_Clop_15f9ed36d9efc6e570b4f506791ce2c6a849853e2f6d587f30fb12d39dba2649.exe.json"
282,54,52,15,20,42,0,"M","CobaltStrike","M_CobaltStrike_0c71dcca7d39fd895a7b772ccd2370fc94f5e34423d87974c49f4d1c24cf103b.dll.json"
283,99,84,39,29,5,0,"M","CobaltStrike","M_CobaltStrike_0c71dcca7d39fd895a7b772ccd2370fc94f5e34423d87974c49f4d1c24cf103b.dll.json"
284,139,1990,59,32,7,0,"M","CryLock","M_CryLock_03014ebd23ea5748d944cadd8b2ab3001fea716b877ff537737eee63ee5cfe28.exe.json"
285,139,2009,59,33,7,0,"M","CryLock","M_CryLock_77f1ebb5392e31c451ffa322b88e87fc235ba4450033c5987822f2564a0fde9e.exe.json"
286,483,413,158,102,70,0,"M","Crypt888","M_Crypt888_faa47da24f0494f637c0264a6d1d53f033a693c5bce624b8e9d4c525dd0e2e9f.exe.json"
287,175,141,71,43,6,0,"M","Crypt888","M_Crypt888_faa47da24f0494f637c0264a6d1d53f033a693c5bce624b8e9d4c525dd0e2e9f.exe.json"
288,79,67,31,22,7,2,"M","CryptoDarkRubix","M_CryptoDarkRubix_af53e36a62f237597b47d34349e40c16a3682a492fe7c320c7e834f6247e078a.exe.json"
289,69,64,26,21,5,0,"M","CryptoLocker","M_CryptoLocker_8d2f2ee24882afe11f50e3d6d9400e35fa66724b321cb9f5a246baf63cbc1788.exe.json"
290,77,74,30,30,7,0,"M","Cryptowall","M_Cryptowall_cryptowall.bin.json"
291,11,10,3,4,4,0,"M","Cryptowall","M_Cryptowall_cryptowall.bin.json"
292,102,83,42,27,7,0,"M","Cryptowall","M_Cryptowall_cryptowall.bin.json"
293,13,13,4,5,4,0,"M","Cryptowall","M_Cryptowall_cryptowall.bin.json"
294,124,94,54,32,6,0,"M","DarkSide","M_DarkSide_e0493b082077648eb33ca1294f2b26bc4c96d3820913c46330923e8bb3d73230.exe.json"
295,239,289,79,104,98,22,"M","DeathHiddenTear","M_DeathHiddenTear_d31742a33f52f5d3326a828f73c666d605c07b2070f5a863fce7d97a4b1cfee2.exe.json"
296,85,74,26,27,60,0,"M","DeathHiddenTear","M_DeathHiddenTear_d31742a33f52f5d3326a828f73c666d605c07b2070f5a863fce7d97a4b1cfee2.exe.json"
297,70,71,27,23,6,0,"M","Demonware","M_Demonware_8dc94d486fd546ffbf8f21252aba65efe18432a6cae815e02b8be4ce4449291a.exe.json"
298,84,73,32,26,6,0,"M","Demonware","M_Demonware_8dc94d486fd546ffbf8f21252aba65efe18432a6cae815e02b8be4ce4449291a.exe.json"
299,65,67,19,21,60,0,"M","Demonware","M_Demonware_95cfd76bfea8839d2c545cc10d1c94131868471d51ccb8a4525058f591f92b44.exe.json"
300,85,68,25,28,64,0,"M","Demonware","M_Demonware_95cfd76bfea8839d2c545cc10d1c94131868471d51ccb8a4525058f591f92b44.exe.json"
301,56,59,15,25,42,0,"M","Dharma","M_Dharma_32eadf068d9d090fcf57145a09df4ce515c196387e409a01fbf052ff790879bf.exe.json"
302,65,58,19,21,55,0,"M","Dharma","M_Dharma_32eadf068d9d090fcf57145a09df4ce515c196387e409a01fbf052ff790879bf.exe.json"
303,86,74,26,27,61,0,"M","Dharma","M_Dharma_32eadf068d9d090fcf57145a09df4ce515c196387e409a01fbf052ff790879bf.exe.json"
304,56,59,15,25,42,0,"M","Dharma","M_Dharma_3e7f30a802c595379ad3158ffe4ba5bc9e4a4d304430a2d846330adee70dc9a5.exe.json"
305,65,58,19,21,55,0,"M","Dharma","M_Dharma_3e7f30a802c595379ad3158ffe4ba5bc9e4a4d304430a2d846330adee70dc9a5.exe.json"
306,86,74,26,27,60,0,"M","Dharma","M_Dharma_3e7f30a802c595379ad3158ffe4ba5bc9e4a4d304430a2d846330adee70dc9a5.exe.json"
307,56,59,15,25,42,0,"M","Dharma","M_Dharma_b565c8e1e81796db13409f37e4bd28877272b5e54ab5c0a3d9b6a024e7f5a039.exe.json"
308,65,58,19,21,55,0,"M","Dharma","M_Dharma_b565c8e1e81796db13409f37e4bd28877272b5e54ab5c0a3d9b6a024e7f5a039.exe.json"
309,86,74,26,27,61,0,"M","Dharma","M_Dharma_b565c8e1e81796db13409f37e4bd28877272b5e54ab5c0a3d9b6a024e7f5a039.exe.json"
310,73,68,28,22,6,0,"M","Dridex","M_Dridex_60ab87df9a77924e9f12484fa94f63fa4bb4c646072cf4b002492f59b1ee0103.exe.json"
311,54,52,15,20,42,0,"M","Egregor","M_Egregor_319ec80eae65c1d39df27c80b52fe7fe1fadc6e9ceabf72f57d1b29e0467ac02.dll.json"
312,99,86,39,29,5,0,"M","Egregor","M_Egregor_319ec80eae65c1d39df27c80b52fe7fe1fadc6e9ceabf72f57d1b29e0467ac02.dll.json"
313,54,52,15,20,42,0,"M","Egregor","M_Egregor_3fc382ae51ceca3ad6ef5880cdd2d89ef508f368911d3cd41c71a54453004c55.dll.json"
314,99,86,39,29,5,0,"M","Egregor","M_Egregor_3fc382ae51ceca3ad6ef5880cdd2d89ef508f368911d3cd41c71a54453004c55.dll.json"
315,54,52,15,20,42,0,"M","Egregor","M_Egregor_42ac07c5175d88d6528cfe3dceacd01834323f10c4af98b1a190d5af7a7bb1cb.dll.json"
316,99,86,39,29,5,0,"M","Egregor","M_Egregor_42ac07c5175d88d6528cfe3dceacd01834323f10c4af98b1a190d5af7a7bb1cb.dll.json"
317,84,102,34,30,6,0,"M","EKANS","M_EKANS_057026ba4e1aa40f708688ad2fbb32ddb069cf3a1e277e92c5b14a275b7a5ae4.exe.json"
318,54,55,16,20,55,0,"M","Encrpt3d","M_Encrpt3d_a2d60af7bebac9b299db109f8162ed6335fb5dda08f57f00e9dc809d4f138428.exe.json"
319,232,207,82,61,64,0,"M","Epsilon","M_Epsilon_6b2affdfb3fe673b22ba6108fc78986ffea8167c5f3a80834e48378659d0ea83.exe.json"
320,232,210,82,61,61,0,"M","Epsilon","M_Epsilon_b5e178f6b78d77fa92e271409eb3d0472c5608df13fbb7de1f8501f0ee87a8d0.exe.json"
321,232,207,82,61,61,0,"M","Epsilon","M_Epsilon_b621f1f8982275608b48ba66fb69fdc6a1dfd9292b9725daf5f45b25493c4680.exe.json"
322,64,67,28,24,5,0,"M","Erica","M_Erica_c32dc3ec53b5f67e3394690c72691c3fa4e5f2fdf76fc4e5f665cb3e56d1615a.exe.json"
323,91,90,37,25,6,0,"M","Erica","M_Erica_c32dc3ec53b5f67e3394690c72691c3fa4e5f2fdf76fc4e5f665cb3e56d1615a.exe.json"
324,69,71,26,28,5,0,"M","Erica","M_Erica_c32dc3ec53b5f67e3394690c72691c3fa4e5f2fdf76fc4e5f665cb3e56d1615a.exe.json"
325,69,78,26,28,5,0,"M","Erica","M_Erica_c32dc3ec53b5f67e3394690c72691c3fa4e5f2fdf76fc4e5f665cb3e56d1615a.exe.json"
326,91,81,37,25,6,0,"M","Erica","M_Erica_c32dc3ec53b5f67e3394690c72691c3fa4e5f2fdf76fc4e5f665cb3e56d1615a.exe.json"
327,69,76,30,27,5,0,"M","Erica","M_Erica_c32dc3ec53b5f67e3394690c72691c3fa4e5f2fdf76fc4e5f665cb3e56d1615a.exe.json"
328,83,88,33,27,5,0,"M","Erica","M_Erica_c32dc3ec53b5f67e3394690c72691c3fa4e5f2fdf76fc4e5f665cb3e56d1615a.exe.json"
329,141,151,60,33,9,1,"M","Erica","M_Erica_c32dc3ec53b5f67e3394690c72691c3fa4e5f2fdf76fc4e5f665cb3e56d1615a.exe.json"
330,69,77,26,28,5,0,"M","Erica","M_Erica_c32dc3ec53b5f67e3394690c72691c3fa4e5f2fdf76fc4e5f665cb3e56d1615a.exe.json"
331,148,154,63,34,9,1,"M","Erica","M_Erica_c32dc3ec53b5f67e3394690c72691c3fa4e5f2fdf76fc4e5f665cb3e56d1615a.exe.json"
332,69,77,26,28,5,0,"M","Erica","M_Erica_c32dc3ec53b5f67e3394690c72691c3fa4e5f2fdf76fc4e5f665cb3e56d1615a.exe.json"
333,83,89,33,27,5,0,"M","Erica","M_Erica_c32dc3ec53b5f67e3394690c72691c3fa4e5f2fdf76fc4e5f665cb3e56d1615a.exe.json"
334,69,78,26,28,5,0,"M","Erica","M_Erica_c32dc3ec53b5f67e3394690c72691c3fa4e5f2fdf76fc4e5f665cb3e56d1615a.exe.json"
335,69,73,26,28,5,0,"M","Erica","M_Erica_c32dc3ec53b5f67e3394690c72691c3fa4e5f2fdf76fc4e5f665cb3e56d1615a.exe.json"
336,83,88,33,27,5,0,"M","Erica","M_Erica_c32dc3ec53b5f67e3394690c72691c3fa4e5f2fdf76fc4e5f665cb3e56d1615a.exe.json"
337,100,84,40,30,9,1,"M","Erica","M_Erica_c32dc3ec53b5f67e3394690c72691c3fa4e5f2fdf76fc4e5f665cb3e56d1615a.exe.json"
338,64,67,28,24,5,0,"M","Erica","M_Erica_c32dc3ec53b5f67e3394690c72691c3fa4e5f2fdf76fc4e5f665cb3e56d1615a.exe.json"
339,69,76,30,26,5,0,"M","Erica","M_Erica_c32dc3ec53b5f67e3394690c72691c3fa4e5f2fdf76fc4e5f665cb3e56d1615a.exe.json"
340,64,67,28,24,5,0,"M","Erica","M_Erica_c32dc3ec53b5f67e3394690c72691c3fa4e5f2fdf76fc4e5f665cb3e56d1615a.exe.json"
341,69,78,26,28,5,0,"M","Erica","M_Erica_c32dc3ec53b5f67e3394690c72691c3fa4e5f2fdf76fc4e5f665cb3e56d1615a.exe.json"
342,69,76,30,26,5,0,"M","Erica","M_Erica_c32dc3ec53b5f67e3394690c72691c3fa4e5f2fdf76fc4e5f665cb3e56d1615a.exe.json"
343,69,72,26,28,5,0,"M","Erica","M_Erica_c32dc3ec53b5f67e3394690c72691c3fa4e5f2fdf76fc4e5f665cb3e56d1615a.exe.json"
344,91,80,37,25,6,0,"M","Erica","M_Erica_c32dc3ec53b5f67e3394690c72691c3fa4e5f2fdf76fc4e5f665cb3e56d1615a.exe.json"
345,69,72,26,28,5,0,"M","Erica","M_Erica_c32dc3ec53b5f67e3394690c72691c3fa4e5f2fdf76fc4e5f665cb3e56d1615a.exe.json"
346,71,77,27,23,5,0,"M","ESCAL","M_ESCAL_3d3e3a651fac3adb4106b5f49204174ae961d2ee464e07c77ccea0bc3543583c.exe.json"
347,69,72,26,28,5,0,"M","Exorcist","M_Exorcist_dfecb46078038bcfa9d0b8db18bdc0646f33bad55ee7dd5ee46e61c6cf399620.exe.json"
348,483,370,158,102,66,0,"M","Exorcist","M_Exorcist_dfecb46078038bcfa9d0b8db18bdc0646f33bad55ee7dd5ee46e61c6cf399620.exe.json"
349,120,106,50,29,6,0,"M","Exorcist","M_Exorcist_dfecb46078038bcfa9d0b8db18bdc0646f33bad55ee7dd5ee46e61c6cf399620.exe.json"
350,110,116,44,32,6,0,"M","Exorcist","M_Exorcist_dfecb46078038bcfa9d0b8db18bdc0646f33bad55ee7dd5ee46e61c6cf399620.exe.json"
351,69,73,26,28,5,0,"M","Exorcist","M_Exorcist_dfecb46078038bcfa9d0b8db18bdc0646f33bad55ee7dd5ee46e61c6cf399620.exe.json"
352,83,89,33,27,5,0,"M","Exorcist","M_Exorcist_dfecb46078038bcfa9d0b8db18bdc0646f33bad55ee7dd5ee46e61c6cf399620.exe.json"
353,66,70,25,28,5,0,"M","Exorcist","M_Exorcist_dfecb46078038bcfa9d0b8db18bdc0646f33bad55ee7dd5ee46e61c6cf399620.exe.json"
354,66,70,25,28,5,0,"M","Exorcist","M_Exorcist_dfecb46078038bcfa9d0b8db18bdc0646f33bad55ee7dd5ee46e61c6cf399620.exe.json"
355,66,70,25,28,5,0,"M","Exorcist","M_Exorcist_dfecb46078038bcfa9d0b8db18bdc0646f33bad55ee7dd5ee46e61c6cf399620.exe.json"
356,66,70,25,28,5,0,"M","Exorcist","M_Exorcist_dfecb46078038bcfa9d0b8db18bdc0646f33bad55ee7dd5ee46e61c6cf399620.exe.json"
357,55,57,15,25,42,0,"M","Exorcist","M_Exorcist_eeb8a83d7532797d39d060ffb2a65562e8d803c4dbd8379289f99367cac2f850.exe.json"
358,55,57,15,25,42,0,"M","Exorcist","M_Exorcist_eeb8a83d7532797d39d060ffb2a65562e8d803c4dbd8379289f99367cac2f850.exe.json"
359,33,45,10,17,52,0,"M","Exorcist","M_Exorcist_eeb8a83d7532797d39d060ffb2a65562e8d803c4dbd8379289f99367cac2f850.exe.json"
360,90,75,28,29,58,0,"M","Exorcist","M_Exorcist_eeb8a83d7532797d39d060ffb2a65562e8d803c4dbd8379289f99367cac2f850.exe.json"
361,55,57,15,25,42,0,"M","Exorcist","M_Exorcist_eeb8a83d7532797d39d060ffb2a65562e8d803c4dbd8379289f99367cac2f850.exe.json"
362,166,102,54,35,63,0,"M","Exorcist","M_Exorcist_eeb8a83d7532797d39d060ffb2a65562e8d803c4dbd8379289f99367cac2f850.exe.json"
363,55,57,15,25,42,0,"M","Exorcist","M_Exorcist_eeb8a83d7532797d39d060ffb2a65562e8d803c4dbd8379289f99367cac2f850.exe.json"
364,131,92,44,33,64,0,"M","Exorcist","M_Exorcist_eeb8a83d7532797d39d060ffb2a65562e8d803c4dbd8379289f99367cac2f850.exe.json"
365,33,45,10,17,52,0,"M","Exorcist","M_Exorcist_eeb8a83d7532797d39d060ffb2a65562e8d803c4dbd8379289f99367cac2f850.exe.json"
366,85,71,26,27,60,0,"M","Exorcist","M_Exorcist_eeb8a83d7532797d39d060ffb2a65562e8d803c4dbd8379289f99367cac2f850.exe.json"
367,55,57,15,25,42,0,"M","Exorcist","M_Exorcist_eeb8a83d7532797d39d060ffb2a65562e8d803c4dbd8379289f99367cac2f850.exe.json"
368,84,72,26,27,58,0,"M","Exorcist","M_Exorcist_eeb8a83d7532797d39d060ffb2a65562e8d803c4dbd8379289f99367cac2f850.exe.json"
369,55,57,15,25,42,0,"M","Exorcist","M_Exorcist_eeb8a83d7532797d39d060ffb2a65562e8d803c4dbd8379289f99367cac2f850.exe.json"
370,55,57,15,25,42,0,"M","Exorcist","M_Exorcist_eeb8a83d7532797d39d060ffb2a65562e8d803c4dbd8379289f99367cac2f850.exe.json"
371,122,96,38,33,67,0,"M","Expiro","M_Expiro_155f3c2b2fe4fe43a1795c220ceb309b5e68f22ccd3a2cc7f2e6e2df5644717b.exe.json"
372,51,56,14,24,42,0,"M","Expiro","M_Expiro_155f3c2b2fe4fe43a1795c220ceb309b5e68f22ccd3a2cc7f2e6e2df5644717b.exe.json"
373,51,56,14,25,42,0,"M","Expiro","M_Expiro_155f3c2b2fe4fe43a1795c220ceb309b5e68f22ccd3a2cc7f2e6e2df5644717b.exe.json"
374,55,57,15,25,42,0,"M","Expiro","M_Expiro_155f3c2b2fe4fe43a1795c220ceb309b5e68f22ccd3a2cc7f2e6e2df5644717b.exe.json"
375,51,56,14,24,42,0,"M","Expiro","M_Expiro_155f3c2b2fe4fe43a1795c220ceb309b5e68f22ccd3a2cc7f2e6e2df5644717b.exe.json"
376,51,56,14,25,42,0,"M","Expiro","M_Expiro_155f3c2b2fe4fe43a1795c220ceb309b5e68f22ccd3a2cc7f2e6e2df5644717b.exe.json"
377,72,98,21,26,52,0,"M","Expiro","M_Expiro_155f3c2b2fe4fe43a1795c220ceb309b5e68f22ccd3a2cc7f2e6e2df5644717b.exe.json"
378,55,57,15,25,42,0,"M","Expiro","M_Expiro_155f3c2b2fe4fe43a1795c220ceb309b5e68f22ccd3a2cc7f2e6e2df5644717b.exe.json"
379,58,55,17,21,55,0,"M","Expiro","M_Expiro_155f3c2b2fe4fe43a1795c220ceb309b5e68f22ccd3a2cc7f2e6e2df5644717b.exe.json"
380,122,96,38,33,67,0,"M","Expiro","M_Expiro_155f3c2b2fe4fe43a1795c220ceb309b5e68f22ccd3a2cc7f2e6e2df5644717b.exe.json"
381,55,57,15,25,42,0,"M","Expiro","M_Expiro_155f3c2b2fe4fe43a1795c220ceb309b5e68f22ccd3a2cc7f2e6e2df5644717b.exe.json"
382,55,57,15,25,42,0,"M","Expiro","M_Expiro_155f3c2b2fe4fe43a1795c220ceb309b5e68f22ccd3a2cc7f2e6e2df5644717b.exe.json"
383,62,56,20,22,53,0,"M","Expiro","M_Expiro_155f3c2b2fe4fe43a1795c220ceb309b5e68f22ccd3a2cc7f2e6e2df5644717b.exe.json"
384,122,96,38,33,67,0,"M","Expiro","M_Expiro_155f3c2b2fe4fe43a1795c220ceb309b5e68f22ccd3a2cc7f2e6e2df5644717b.exe.json"
385,69,60,22,22,52,0,"M","Expiro","M_Expiro_155f3c2b2fe4fe43a1795c220ceb309b5e68f22ccd3a2cc7f2e6e2df5644717b.exe.json"
386,55,57,15,25,42,0,"M","Expiro","M_Expiro_155f3c2b2fe4fe43a1795c220ceb309b5e68f22ccd3a2cc7f2e6e2df5644717b.exe.json"
387,62,58,18,21,49,0,"M","Expiro","M_Expiro_fad5762531487da0f76f144c248ca753b83389dee88407ddb4ae7b6a078ffdfb.exe.json"
388,193,183,85,51,6,0,"M","FuxSocy","M_FuxSocy_43bbfb3389deb3846bba19a8ab2e9c8fd9b581720962b8170d4a63ad816b5804.exe.json"
389,193,183,85,51,6,0,"M","FuxSocy","M_FuxSocy_d786355c1b3dc741103873aed46d8ffa3430d113a27482f37f3ffc7c978747f6.exe.json"
390,97,88,40,27,6,0,"M","GandCrab","M_GandCrab_03a178251c26c86b518a785027f99295fb4f8c797a5aee9f1b2e6f75433890db.exe.json"
391,150,161,65,32,11,0,"M","GandCrab","M_GandCrab_03a178251c26c86b518a785027f99295fb4f8c797a5aee9f1b2e6f75433890db.exe.json"
392,93,85,38,27,6,0,"M","GandCrab","M_GandCrab_03a178251c26c86b518a785027f99295fb4f8c797a5aee9f1b2e6f75433890db.exe.json"
393,97,88,40,27,6,0,"M","GandCrab","M_GandCrab_03a178251c26c86b518a785027f99295fb4f8c797a5aee9f1b2e6f75433890db.exe.json"
394,97,88,40,27,6,0,"M","GandCrab","M_GandCrab_03a178251c26c86b518a785027f99295fb4f8c797a5aee9f1b2e6f75433890db.exe.json"
395,97,88,40,27,6,0,"M","GandCrab","M_GandCrab_03a178251c26c86b518a785027f99295fb4f8c797a5aee9f1b2e6f75433890db.exe.json"
396,97,88,40,27,6,0,"M","GandCrab","M_GandCrab_4bfe4c1587bf66b0c649aa94c5639405b17a1795c19c1505ff55d87fe9cc882b.exe.json"
397,97,88,40,27,6,0,"M","GandCrab","M_GandCrab_4bfe4c1587bf66b0c649aa94c5639405b17a1795c19c1505ff55d87fe9cc882b.exe.json"
398,151,158,65,32,11,0,"M","GandCrab","M_GandCrab_4bfe4c1587bf66b0c649aa94c5639405b17a1795c19c1505ff55d87fe9cc882b.exe.json"
399,97,88,40,27,6,0,"M","GandCrab","M_GandCrab_4bfe4c1587bf66b0c649aa94c5639405b17a1795c19c1505ff55d87fe9cc882b.exe.json"
400,97,88,40,27,6,0,"M","GandCrab","M_GandCrab_4bfe4c1587bf66b0c649aa94c5639405b17a1795c19c1505ff55d87fe9cc882b.exe.json"
401,97,88,40,27,6,0,"M","GandCrab","M_GandCrab_4bfe4c1587bf66b0c649aa94c5639405b17a1795c19c1505ff55d87fe9cc882b.exe.json"
402,69,64,26,21,5,0,"M","GlobeImposter","M_GlobeImposter_750984dff0d13260e17e9bb1a3482f1bae834d6e0de1bcd199028748a9f998dc.exe.json"
403,62,58,18,21,49,0,"M","Hakbit","M_Hakbit_81e81f0bbbdb831eda215033b7a7dbf2eed3812f4e58118f181a8e99e613179e.exe.json"
404,62,59,19,21,49,1,"M","HANTA","M_HANTA_3fe7335d5876e6f54eca61bb2140274f1d2f87d42f1a6168c3a1d87e17f2bd16.exe.json"
405,62,58,19,21,49,1,"M","HANTA","M_HANTA_4d86207c8b1552b199903ffa2db244417369b657130db6be924b2ea2a42b28fb.exe.json"
406,146,205,61,31,6,0,"M","HelloKitty","M_HelloKitty_c7d6719bbfb5baaadda498bf5ef49a3ada1d795b9ae4709074b0e3976968741e.exe.json"
560,105,101,44,29,6,0,"M","HelloKitty","M_HelloKitty_fa722d0667418d68c4935e1461010a8f730f02fa1f595ee68bd0768fd5d1f8bb.exe.json"
561,115,99,36,33,66,0,"M","HiddenTears","M_HiddenTears_1c22cba25d32a0103ef7860b73c496ffac0b618feb6158e486b7bbeea727f077.zip.json"
562,68,64,26,21,5,0,"M","HiddenTear","M_HiddenTear_188a788960d15df85065cbc52f537434f3abd41aabd3299531fb58dfa98bbb1a.exe.json"
563,68,64,26,21,5,0,"M","HiddenTear","M_HiddenTear_75574b8553f0c59e2d26cafd3cf92fe38eb815d6f11a3473cdb39741bbda72fd.exe.json"
564,73,106,28,23,7,1,"M","Hydra","M_Hydra_007b5f204f5adfa631bab173a413a849da6d36cb198e9112777facdd090258f2.exe.json"
565,69,64,26,21,5,0,"M","InfinityLock","M_InfinityLock_0d2137d133179a2fbff7bf38a8125d4b74e9615aaa47b5f4a3056eccce7a8f6e.exe.json"
566,69,64,26,21,5,0,"M","InfinityLock","M_InfinityLock_27a1f89ce5a37815010c8411dddec85d5d66e81a957ad722fbd2dc64f99651c8.exe.json"
567,163,160,69,39,6,1,"M","Jackpot","M_Jackpot_ff68685fdcd4c84426418963ce5cb961775419863cd02e8f2f69c6d46b3d134c.exe.json"
568,173,183,59,66,83,11,"M","Jigsaw","M_Jigsaw_jigsaw.json"
569,123,193,40,87,93,19,"M","Jigsaw","M_Jigsaw_jigsaw.json"
570,105,101,44,29,6,0,"M","Jormungand","M_Jormungand_430039aeee4362784600b6b6994b72395c2666aa6d1ad30e6cbf1ed89ecbeaa9.exe.json"
571,105,102,44,29,6,0,"M","Jormungand","M_Jormungand_430039aeee4362784600b6b6994b72395c2666aa6d1ad30e6cbf1ed89ecbeaa9.exe.json"
572,105,101,44,29,6,0,"M","Jormungand","M_Jormungand_430039aeee4362784600b6b6994b72395c2666aa6d1ad30e6cbf1ed89ecbeaa9.exe.json"
573,105,101,44,29,6,0,"M","Jormungand","M_Jormungand_430039aeee4362784600b6b6994b72395c2666aa6d1ad30e6cbf1ed89ecbeaa9.exe.json"
574,105,101,44,29,6,0,"M","Jormungand","M_Jormungand_430039aeee4362784600b6b6994b72395c2666aa6d1ad30e6cbf1ed89ecbeaa9.exe.json"
575,105,101,44,29,6,0,"M","Jormungand","M_Jormungand_430039aeee4362784600b6b6994b72395c2666aa6d1ad30e6cbf1ed89ecbeaa9.exe.json"
576,105,101,44,29,6,0,"M","Jormungand","M_Jormungand_430039aeee4362784600b6b6994b72395c2666aa6d1ad30e6cbf1ed89ecbeaa9.exe.json"
577,105,101,44,29,6,0,"M","Jormungand","M_Jormungand_430039aeee4362784600b6b6994b72395c2666aa6d1ad30e6cbf1ed89ecbeaa9.exe.json"
578,105,101,44,29,6,0,"M","Jormungand","M_Jormungand_430039aeee4362784600b6b6994b72395c2666aa6d1ad30e6cbf1ed89ecbeaa9.exe.json"
579,105,101,44,29,6,0,"M","Jormungand","M_Jormungand_430039aeee4362784600b6b6994b72395c2666aa6d1ad30e6cbf1ed89ecbeaa9.exe.json"
580,105,101,44,29,6,0,"M","Jormungand","M_Jormungand_430039aeee4362784600b6b6994b72395c2666aa6d1ad30e6cbf1ed89ecbeaa9.exe.json"
581,105,101,44,29,6,0,"M","Jormungand","M_Jormungand_430039aeee4362784600b6b6994b72395c2666aa6d1ad30e6cbf1ed89ecbeaa9.exe.json"
582,105,101,44,29,6,0,"M","Jormungand","M_Jormungand_430039aeee4362784600b6b6994b72395c2666aa6d1ad30e6cbf1ed89ecbeaa9.exe.json"
583,81,108,32,31,6,0,"M","Jormungand","M_Jormungand_430039aeee4362784600b6b6994b72395c2666aa6d1ad30e6cbf1ed89ecbeaa9.exe.json"
584,105,101,44,29,6,0,"M","Jormungand","M_Jormungand_430039aeee4362784600b6b6994b72395c2666aa6d1ad30e6cbf1ed89ecbeaa9.exe.json"
585,68,66,26,22,5,0,"M","Jormungand","M_Jormungand_430039aeee4362784600b6b6994b72395c2666aa6d1ad30e6cbf1ed89ecbeaa9.exe.json"
586,105,101,44,29,6,0,"M","Jormungand","M_Jormungand_430039aeee4362784600b6b6994b72395c2666aa6d1ad30e6cbf1ed89ecbeaa9.exe.json"
587,105,101,44,29,6,0,"M","Jormungand","M_Jormungand_430039aeee4362784600b6b6994b72395c2666aa6d1ad30e6cbf1ed89ecbeaa9.exe.json"
588,105,101,44,29,6,0,"M","Jormungand","M_Jormungand_430039aeee4362784600b6b6994b72395c2666aa6d1ad30e6cbf1ed89ecbeaa9.exe.json"
589,105,101,44,29,6,0,"M","Jormungand","M_Jormungand_430039aeee4362784600b6b6994b72395c2666aa6d1ad30e6cbf1ed89ecbeaa9.exe.json"
590,105,101,44,29,6,0,"M","Jormungand","M_Jormungand_430039aeee4362784600b6b6994b72395c2666aa6d1ad30e6cbf1ed89ecbeaa9.exe.json"
591,105,101,44,29,6,0,"M","Jormungand","M_Jormungand_430039aeee4362784600b6b6994b72395c2666aa6d1ad30e6cbf1ed89ecbeaa9.exe.json"
592,105,101,44,29,6,0,"M","Jormungand","M_Jormungand_430039aeee4362784600b6b6994b72395c2666aa6d1ad30e6cbf1ed89ecbeaa9.exe.json"
593,105,101,44,29,6,0,"M","Jormungand","M_Jormungand_430039aeee4362784600b6b6994b72395c2666aa6d1ad30e6cbf1ed89ecbeaa9.exe.json"
594,105,101,44,29,6,0,"M","Jormungand","M_Jormungand_430039aeee4362784600b6b6994b72395c2666aa6d1ad30e6cbf1ed89ecbeaa9.exe.json"
595,105,101,44,29,6,0,"M","Jormungand","M_Jormungand_430039aeee4362784600b6b6994b72395c2666aa6d1ad30e6cbf1ed89ecbeaa9.exe.json"
596,105,101,44,29,6,0,"M","Jormungand","M_Jormungand_430039aeee4362784600b6b6994b72395c2666aa6d1ad30e6cbf1ed89ecbeaa9.exe.json"
597,105,101,44,29,6,0,"M","Jormungand","M_Jormungand_430039aeee4362784600b6b6994b72395c2666aa6d1ad30e6cbf1ed89ecbeaa9.exe.json"
598,105,101,44,29,6,0,"M","Jormungand","M_Jormungand_430039aeee4362784600b6b6994b72395c2666aa6d1ad30e6cbf1ed89ecbeaa9.exe.json"
599,105,101,44,29,6,0,"M","Jormungand","M_Jormungand_430039aeee4362784600b6b6994b72395c2666aa6d1ad30e6cbf1ed89ecbeaa9.exe.json"
600,105,101,44,29,6,0,"M","Jormungand","M_Jormungand_430039aeee4362784600b6b6994b72395c2666aa6d1ad30e6cbf1ed89ecbeaa9.exe.json"
601,105,102,44,29,6,0,"M","Jormungand","M_Jormungand_430039aeee4362784600b6b6994b72395c2666aa6d1ad30e6cbf1ed89ecbeaa9.exe.json"
602,105,101,44,29,6,0,"M","Jormungand","M_Jormungand_430039aeee4362784600b6b6994b72395c2666aa6d1ad30e6cbf1ed89ecbeaa9.exe.json"
603,105,102,44,29,6,0,"M","Jormungand","M_Jormungand_430039aeee4362784600b6b6994b72395c2666aa6d1ad30e6cbf1ed89ecbeaa9.exe.json"
604,105,102,44,29,6,0,"M","Jormungand","M_Jormungand_430039aeee4362784600b6b6994b72395c2666aa6d1ad30e6cbf1ed89ecbeaa9.exe.json"
605,105,101,44,29,6,0,"M","Jormungand","M_Jormungand_430039aeee4362784600b6b6994b72395c2666aa6d1ad30e6cbf1ed89ecbeaa9.exe.json"
606,105,103,44,29,6,0,"M","Jormungand","M_Jormungand_430039aeee4362784600b6b6994b72395c2666aa6d1ad30e6cbf1ed89ecbeaa9.exe.json"
607,105,101,44,29,6,0,"M","Jormungand","M_Jormungand_430039aeee4362784600b6b6994b72395c2666aa6d1ad30e6cbf1ed89ecbeaa9.exe.json"
608,105,102,44,29,6,0,"M","Jormungand","M_Jormungand_430039aeee4362784600b6b6994b72395c2666aa6d1ad30e6cbf1ed89ecbeaa9.exe.json"
609,105,101,44,29,6,0,"M","Jormungand","M_Jormungand_430039aeee4362784600b6b6994b72395c2666aa6d1ad30e6cbf1ed89ecbeaa9.exe.json"
610,105,102,44,29,6,0,"M","Jormungand","M_Jormungand_430039aeee4362784600b6b6994b72395c2666aa6d1ad30e6cbf1ed89ecbeaa9.exe.json"
611,105,101,44,29,6,0,"M","Jormungand","M_Jormungand_430039aeee4362784600b6b6994b72395c2666aa6d1ad30e6cbf1ed89ecbeaa9.exe.json"
612,105,102,44,29,6,0,"M","Jormungand","M_Jormungand_430039aeee4362784600b6b6994b72395c2666aa6d1ad30e6cbf1ed89ecbeaa9.exe.json"
613,69,73,26,28,5,0,"M","Katyusha","M_Katyusha_katyusha.json"
614,69,73,26,28,5,0,"M","Katyusha","M_Katyusha_katyusha.json"
615,165,134,73,29,7,0,"M","Katyusha","M_Katyusha_katyusha.json"
616,67,63,29,23,6,0,"M","Katyusha","M_Katyusha_katyusha.json"
617,105,101,44,29,6,0,"M","Katyusha","M_Katyusha_katyusha.json"
618,69,73,26,28,5,0,"M","Katyusha","M_Katyusha_katyusha.json"
619,165,133,73,29,7,0,"M","Katyusha","M_Katyusha_katyusha.json"
620,55,58,15,25,42,0,"M","Katyusha","M_Katyusha_katyusha.json"
621,85,78,26,27,61,0,"M","Katyusha","M_Katyusha_katyusha.json"
622,85,75,26,27,61,0,"M","Katyusha","M_Katyusha_katyusha.json"
623,140,4363,56,31,8,0,"M","Katyusha","M_Katyusha_katyusha.json"
624,69,71,26,28,5,0,"M","Katyusha","M_Katyusha_katyusha.json"
625,85,82,32,25,5,0,"M","Katyusha","M_Katyusha_katyusha.json"
626,69,71,26,28,5,0,"M","Katyusha","M_Katyusha_katyusha.json"
627,69,73,26,28,5,0,"M","Katyusha","M_Katyusha_katyusha.json"
628,105,101,44,29,6,0,"M","Katyusha","M_Katyusha_katyusha.json"
629,105,101,44,29,6,0,"M","Katyusha","M_Katyusha_katyusha.json"
630,165,133,73,29,7,0,"M","Katyusha","M_Katyusha_katyusha.json"
631,69,71,26,28,5,0,"M","Katyusha","M_Katyusha_katyusha.json"
632,67,63,29,23,6,0,"M","Katyusha","M_Katyusha_katyusha.json"
633,69,72,26,28,5,0,"M","Katyusha","M_Katyusha_katyusha.json"
634,165,134,73,29,7,0,"M","Katyusha","M_Katyusha_katyusha.json"
635,165,134,73,29,7,0,"M","Katyusha","M_Katyusha_katyusha.json"
636,165,133,73,29,7,0,"M","Katyusha","M_Katyusha_katyusha.json"
637,98,84,36,23,7,0,"M","Katyusha","M_Katyusha_katyusha.json"
638,165,133,73,29,7,0,"M","Katyusha","M_Katyusha_katyusha.json"
639,69,73,26,28,5,0,"M","Katyusha","M_Katyusha_katyusha.json"
640,69,73,26,28,5,0,"M","Katyusha","M_Katyusha_katyusha.json"
641,105,101,44,29,6,0,"M","Katyusha","M_Katyusha_katyusha.json"
642,165,134,73,29,7,0,"M","Katyusha","M_Katyusha_katyusha.json"
643,105,101,44,29,6,0,"M","Katyusha","M_Katyusha_katyusha.json"
644,165,134,73,29,7,0,"M","Katyusha","M_Katyusha_katyusha.json"
645,69,72,26,28,5,0,"M","Katyusha","M_Katyusha_katyusha.json"
646,165,134,73,29,7,0,"M","Katyusha","M_Katyusha_katyusha.json"
647,165,131,73,29,7,0,"M","Katyusha","M_Katyusha_katyusha.json"
648,69,74,26,28,5,0,"M","Katyusha","M_Katyusha_katyusha.json"
649,165,133,73,29,7,0,"M","Katyusha","M_Katyusha_katyusha.json"
650,69,73,26,28,5,0,"M","Katyusha","M_Katyusha_katyusha.json"
651,105,101,44,29,6,0,"M","Katyusha","M_Katyusha_katyusha.json"
652,105,101,44,29,6,0,"M","Katyusha","M_Katyusha_katyusha.json"
653,69,73,26,28,5,0,"M","Katyusha","M_Katyusha_katyusha.json"
654,165,134,73,29,7,0,"M","Katyusha","M_Katyusha_katyusha.json"
655,165,134,73,29,7,0,"M","Katyusha","M_Katyusha_katyusha.json"
656,105,101,44,29,6,0,"M","Katyusha","M_Katyusha_katyusha.json"
657,105,101,44,29,6,0,"M","Katyusha","M_Katyusha_katyusha.json"
658,165,134,73,29,7,0,"M","Katyusha","M_Katyusha_katyusha.json"
659,67,63,29,23,6,0,"M","Katyusha","M_Katyusha_katyusha.json"
660,105,101,44,29,6,0,"M","Katyusha","M_Katyusha_katyusha.json"
661,165,134,73,29,7,0,"M","Katyusha","M_Katyusha_katyusha.json"
662,165,133,73,29,7,0,"M","Katyusha","M_Katyusha_katyusha.json"
663,67,63,29,23,6,0,"M","Katyusha","M_Katyusha_katyusha.json"
664,69,73,26,28,5,0,"M","Katyusha","M_Katyusha_katyusha.json"
665,67,63,29,23,6,0,"M","Katyusha","M_Katyusha_katyusha.json"
666,67,63,29,23,6,0,"M","Katyusha","M_Katyusha_katyusha.json"
667,105,101,44,29,6,0,"M","Katyusha","M_Katyusha_katyusha.json"
668,69,73,26,28,5,0,"M","Katyusha","M_Katyusha_katyusha.json"
669,67,63,29,23,6,0,"M","Katyusha","M_Katyusha_katyusha.json"
670,165,132,73,29,7,0,"M","Katyusha","M_Katyusha_katyusha.json"
671,165,132,73,29,7,0,"M","Katyusha","M_Katyusha_katyusha.json"
672,105,101,44,29,6,0,"M","Katyusha","M_Katyusha_katyusha.json"
673,69,73,26,28,5,0,"M","Katyusha","M_Katyusha_katyusha.json"
674,83,88,33,27,5,0,"M","Katyusha","M_Katyusha_katyusha.json"
675,105,101,44,29,6,0,"M","Katyusha","M_Katyusha_katyusha.json"
676,67,63,29,23,6,0,"M","Katyusha","M_Katyusha_katyusha.json"
677,165,132,73,29,7,0,"M","Katyusha","M_Katyusha_katyusha.json"
678,67,63,29,23,6,0,"M","Katyusha","M_Katyusha_katyusha.json"
679,165,133,73,29,7,0,"M","Katyusha","M_Katyusha_katyusha.json"
680,69,73,26,28,5,0,"M","Katyusha","M_Katyusha_katyusha.json"
681,67,63,29,23,6,0,"M","Katyusha","M_Katyusha_katyusha.json"
682,165,134,73,29,7,0,"M","Katyusha","M_Katyusha_katyusha.json"
683,67,63,29,23,6,0,"M","Katyusha","M_Katyusha_katyusha.json"
684,105,101,44,29,6,0,"M","Katyusha","M_Katyusha_katyusha.json"
685,165,133,73,29,7,0,"M","Katyusha","M_Katyusha_katyusha.json"
686,165,135,73,29,7,0,"M","Katyusha","M_Katyusha_katyusha.json"
687,67,63,29,23,6,0,"M","Katyusha","M_Katyusha_katyusha.json"
688,67,63,29,23,6,0,"M","Katyusha","M_Katyusha_katyusha.json"
689,165,134,73,29,7,0,"M","Katyusha","M_Katyusha_katyusha.json"
690,165,133,73,29,7,0,"M","Katyusha","M_Katyusha_katyusha.json"
691,119,87,43,25,7,0,"M","Katyusha","M_Katyusha_katyusha.json"
692,83,88,33,27,5,0,"M","Katyusha","M_Katyusha_katyusha.json"
693,62,58,18,21,48,0,"M","LegionLocker","M_LegionLocker_bc016ebc1751fe99de886be19c2c3e0baefe69cb046b10838cb15bcff3c7e603.exe.json"
694,71,74,28,23,8,1,"M","LegionLocker","M_LegionLocker_c7c2bb08529df1ea16244dfed79a60c039426c69823ee24731213011460ee82d.exe.json"
695,200,616,87,41,6,0,"M","LockBit","M_LockBit_95739e350d7f2aca2c609768ee72ad67fcf05efca5c7ad8df3027c82b9c454cf.exe.json"
696,186,585,80,34,6,0,"M","LockBit","M_LockBit_95739e350d7f2aca2c609768ee72ad67fcf05efca5c7ad8df3027c82b9c454cf.exe.json"
697,11,7,2,3,3,0,"M","LockBit","M_LockBit_95739e350d7f2aca2c609768ee72ad67fcf05efca5c7ad8df3027c82b9c454cf.exe.json"
698,55,58,15,25,42,0,"M","LockBit","M_LockBit_95739e350d7f2aca2c609768ee72ad67fcf05efca5c7ad8df3027c82b9c454cf.exe.json"
699,85,75,26,27,60,0,"M","LockBit","M_LockBit_95739e350d7f2aca2c609768ee72ad67fcf05efca5c7ad8df3027c82b9c454cf.exe.json"
700,131,93,44,33,64,0,"M","LockBit","M_LockBit_95739e350d7f2aca2c609768ee72ad67fcf05efca5c7ad8df3027c82b9c454cf.exe.json"
701,33,45,10,17,52,0,"M","LockBit","M_LockBit_95739e350d7f2aca2c609768ee72ad67fcf05efca5c7ad8df3027c82b9c454cf.exe.json"
702,33,45,10,17,52,0,"M","LockBit","M_LockBit_95739e350d7f2aca2c609768ee72ad67fcf05efca5c7ad8df3027c82b9c454cf.exe.json"
703,96,81,30,30,60,0,"M","LockBit","M_LockBit_95739e350d7f2aca2c609768ee72ad67fcf05efca5c7ad8df3027c82b9c454cf.exe.json"
704,115,93,49,29,29,0,"M","Locky","M_Locky_Locky.json"
705,153,131,66,31,29,0,"M","Locky","M_Locky_Locky.json"
706,51,57,14,25,42,0,"M","Locky","M_Locky_Locky.json"
707,68,61,26,21,5,0,"M","LucyLocker","M_LucyLocker_86e0eac8c5ce70c4b839ef18af5231b5f92e292b81e440193cdbdc7ed108049f.bin.json"
708,131,92,44,33,64,0,"M","Makop","M_Makop_c34d0660da24b48480de58aaa394bd27f5a5b1ed9249d897ca4dde70312a87ec.exe.json"
709,121,108,49,37,7,0,"M","Makop","M_Makop_c34d0660da24b48480de58aaa394bd27f5a5b1ed9249d897ca4dde70312a87ec.exe.json"
710,55,59,15,25,42,0,"M","Makop","M_Makop_c34d0660da24b48480de58aaa394bd27f5a5b1ed9249d897ca4dde70312a87ec.exe.json"
711,85,74,26,27,60,0,"M","Makop","M_Makop_c34d0660da24b48480de58aaa394bd27f5a5b1ed9249d897ca4dde70312a87ec.exe.json"
712,96,81,30,30,60,0,"M","Makop","M_Makop_c34d0660da24b48480de58aaa394bd27f5a5b1ed9249d897ca4dde70312a87ec.exe.json"
713,69,65,26,23,5,0,"M","Mamba","M_Mamba_131.exe.json"
714,66,68,25,26,5,0,"M","Maoloa","M_Maoloa_d7f19de8eb2461c635c0170448a58a1ec6e6de014b4410883f87d0b5d7868e65.exe.json"
715,75,70,29,25,6,1,"M","Matrix","M_Matrix_5474b58de90ad79d6df4c633fb773053fecc16ad69fb5b86e7a2b640a2a056d6.exe.json"
716,69,71,26,28,5,0,"M","Matrix","M_Matrix_5474b58de90ad79d6df4c633fb773053fecc16ad69fb5b86e7a2b640a2a056d6.exe.json"
717,45,59,18,22,5,0,"M","Matrix","M_Matrix_5474b58de90ad79d6df4c633fb773053fecc16ad69fb5b86e7a2b640a2a056d6.exe.json"
718,70,67,21,26,58,0,"M","Matrix","M_Matrix_5474b58de90ad79d6df4c633fb773053fecc16ad69fb5b86e7a2b640a2a056d6.exe.json"
719,69,74,26,28,5,0,"M","Matrix","M_Matrix_5474b58de90ad79d6df4c633fb773053fecc16ad69fb5b86e7a2b640a2a056d6.exe.json"
720,71,67,27,24,6,0,"M","Matrix","M_Matrix_5474b58de90ad79d6df4c633fb773053fecc16ad69fb5b86e7a2b640a2a056d6.exe.json"
721,69,71,26,28,5,0,"M","Matrix","M_Matrix_5474b58de90ad79d6df4c633fb773053fecc16ad69fb5b86e7a2b640a2a056d6.exe.json"
722,91,77,37,24,6,0,"M","Matrix","M_Matrix_5474b58de90ad79d6df4c633fb773053fecc16ad69fb5b86e7a2b640a2a056d6.exe.json"
723,71,67,27,24,6,0,"M","Matrix","M_Matrix_5474b58de90ad79d6df4c633fb773053fecc16ad69fb5b86e7a2b640a2a056d6.exe.json"
724,69,71,26,28,5,0,"M","Matrix","M_Matrix_5474b58de90ad79d6df4c633fb773053fecc16ad69fb5b86e7a2b640a2a056d6.exe.json"
725,69,71,26,28,5,0,"M","Matrix","M_Matrix_5474b58de90ad79d6df4c633fb773053fecc16ad69fb5b86e7a2b640a2a056d6.exe.json"
726,66,73,25,28,5,0,"M","Matrix","M_Matrix_5474b58de90ad79d6df4c633fb773053fecc16ad69fb5b86e7a2b640a2a056d6.exe.json"
727,45,59,18,22,5,0,"M","Matrix","M_Matrix_5474b58de90ad79d6df4c633fb773053fecc16ad69fb5b86e7a2b640a2a056d6.exe.json"
728,86,76,33,27,5,0,"M","Matrix","M_Matrix_5474b58de90ad79d6df4c633fb773053fecc16ad69fb5b86e7a2b640a2a056d6.exe.json"
729,71,67,27,24,6,0,"M","Matrix","M_Matrix_5474b58de90ad79d6df4c633fb773053fecc16ad69fb5b86e7a2b640a2a056d6.exe.json"
730,73,69,28,24,6,1,"M","Matrix","M_Matrix_5474b58de90ad79d6df4c633fb773053fecc16ad69fb5b86e7a2b640a2a056d6.exe.json"
731,45,59,18,22,5,0,"M","Matrix","M_Matrix_5474b58de90ad79d6df4c633fb773053fecc16ad69fb5b86e7a2b640a2a056d6.exe.json"
732,70,60,21,25,58,0,"M","Matrix","M_Matrix_5474b58de90ad79d6df4c633fb773053fecc16ad69fb5b86e7a2b640a2a056d6.exe.json"
733,91,77,37,24,6,0,"M","Matrix","M_Matrix_5474b58de90ad79d6df4c633fb773053fecc16ad69fb5b86e7a2b640a2a056d6.exe.json"
734,91,80,37,24,6,0,"M","Matrix","M_Matrix_5474b58de90ad79d6df4c633fb773053fecc16ad69fb5b86e7a2b640a2a056d6.exe.json"
735,91,77,37,24,6,0,"M","Matrix","M_Matrix_5474b58de90ad79d6df4c633fb773053fecc16ad69fb5b86e7a2b640a2a056d6.exe.json"
736,69,71,26,28,5,0,"M","Matrix","M_Matrix_5474b58de90ad79d6df4c633fb773053fecc16ad69fb5b86e7a2b640a2a056d6.exe.json"
737,73,69,28,24,6,1,"M","Matrix","M_Matrix_5474b58de90ad79d6df4c633fb773053fecc16ad69fb5b86e7a2b640a2a056d6.exe.json"
738,45,59,18,22,5,0,"M","Matrix","M_Matrix_5474b58de90ad79d6df4c633fb773053fecc16ad69fb5b86e7a2b640a2a056d6.exe.json"
739,45,59,18,22,5,0,"M","Matrix","M_Matrix_5474b58de90ad79d6df4c633fb773053fecc16ad69fb5b86e7a2b640a2a056d6.exe.json"
740,45,59,18,22,5,0,"M","Matrix","M_Matrix_5474b58de90ad79d6df4c633fb773053fecc16ad69fb5b86e7a2b640a2a056d6.exe.json"
741,73,69,28,24,6,1,"M","Matrix","M_Matrix_5474b58de90ad79d6df4c633fb773053fecc16ad69fb5b86e7a2b640a2a056d6.exe.json"
742,73,69,28,24,6,1,"M","Matrix","M_Matrix_5474b58de90ad79d6df4c633fb773053fecc16ad69fb5b86e7a2b640a2a056d6.exe.json"
743,91,77,37,24,6,0,"M","Matrix","M_Matrix_5474b58de90ad79d6df4c633fb773053fecc16ad69fb5b86e7a2b640a2a056d6.exe.json"
744,69,73,26,28,5,0,"M","Matrix","M_Matrix_5474b58de90ad79d6df4c633fb773053fecc16ad69fb5b86e7a2b640a2a056d6.exe.json"
745,91,80,37,24,6,0,"M","Matrix","M_Matrix_5474b58de90ad79d6df4c633fb773053fecc16ad69fb5b86e7a2b640a2a056d6.exe.json"
746,84,75,32,26,5,0,"M","Matrix","M_Matrix_5474b58de90ad79d6df4c633fb773053fecc16ad69fb5b86e7a2b640a2a056d6.exe.json"
747,45,59,18,22,5,0,"M","Matrix","M_Matrix_5474b58de90ad79d6df4c633fb773053fecc16ad69fb5b86e7a2b640a2a056d6.exe.json"
748,91,80,37,24,6,0,"M","Matrix","M_Matrix_5474b58de90ad79d6df4c633fb773053fecc16ad69fb5b86e7a2b640a2a056d6.exe.json"
749,69,71,26,28,5,0,"M","Matrix","M_Matrix_5474b58de90ad79d6df4c633fb773053fecc16ad69fb5b86e7a2b640a2a056d6.exe.json"
750,75,70,29,25,6,1,"M","Matrix","M_Matrix_5474b58de90ad79d6df4c633fb773053fecc16ad69fb5b86e7a2b640a2a056d6.exe.json"
751,73,69,28,24,6,1,"M","Matrix","M_Matrix_5474b58de90ad79d6df4c633fb773053fecc16ad69fb5b86e7a2b640a2a056d6.exe.json"
752,70,67,21,26,58,0,"M","Matrix","M_Matrix_5474b58de90ad79d6df4c633fb773053fecc16ad69fb5b86e7a2b640a2a056d6.exe.json"
753,45,59,18,22,5,0,"M","Matrix","M_Matrix_5474b58de90ad79d6df4c633fb773053fecc16ad69fb5b86e7a2b640a2a056d6.exe.json"
754,45,59,18,22,5,0,"M","Matrix","M_Matrix_5474b58de90ad79d6df4c633fb773053fecc16ad69fb5b86e7a2b640a2a056d6.exe.json"
755,71,67,27,24,6,0,"M","Matrix","M_Matrix_7b5e536827c3bb9f8077aed78726585739bcde796904edd6c4faadc9a8d22eaf.exe.json"
756,71,67,27,24,6,0,"M","Matrix","M_Matrix_7b5e536827c3bb9f8077aed78726585739bcde796904edd6c4faadc9a8d22eaf.exe.json"
757,91,80,37,24,6,0,"M","Matrix","M_Matrix_7b5e536827c3bb9f8077aed78726585739bcde796904edd6c4faadc9a8d22eaf.exe.json"
758,71,67,27,24,6,0,"M","Matrix","M_Matrix_7b5e536827c3bb9f8077aed78726585739bcde796904edd6c4faadc9a8d22eaf.exe.json"
759,75,70,29,25,6,1,"M","Matrix","M_Matrix_7b5e536827c3bb9f8077aed78726585739bcde796904edd6c4faadc9a8d22eaf.exe.json"
760,45,59,18,22,5,0,"M","Matrix","M_Matrix_7b5e536827c3bb9f8077aed78726585739bcde796904edd6c4faadc9a8d22eaf.exe.json"
761,126,136,51,33,6,0,"M","Matrix","M_Matrix_7b5e536827c3bb9f8077aed78726585739bcde796904edd6c4faadc9a8d22eaf.exe.json"
762,69,71,26,28,5,0,"M","Matrix","M_Matrix_7b5e536827c3bb9f8077aed78726585739bcde796904edd6c4faadc9a8d22eaf.exe.json"
763,69,74,26,28,5,0,"M","Matrix","M_Matrix_7b5e536827c3bb9f8077aed78726585739bcde796904edd6c4faadc9a8d22eaf.exe.json"
764,66,73,25,28,5,0,"M","Matrix","M_Matrix_7b5e536827c3bb9f8077aed78726585739bcde796904edd6c4faadc9a8d22eaf.exe.json"
765,45,59,18,22,5,0,"M","Matrix","M_Matrix_7b5e536827c3bb9f8077aed78726585739bcde796904edd6c4faadc9a8d22eaf.exe.json"
766,70,67,21,26,58,0,"M","Matrix","M_Matrix_7b5e536827c3bb9f8077aed78726585739bcde796904edd6c4faadc9a8d22eaf.exe.json"
767,86,76,33,27,5,0,"M","Matrix","M_Matrix_7b5e536827c3bb9f8077aed78726585739bcde796904edd6c4faadc9a8d22eaf.exe.json"
768,45,59,18,22,5,0,"M","Matrix","M_Matrix_7b5e536827c3bb9f8077aed78726585739bcde796904edd6c4faadc9a8d22eaf.exe.json"
769,69,71,26,28,5,0,"M","Matrix","M_Matrix_7b5e536827c3bb9f8077aed78726585739bcde796904edd6c4faadc9a8d22eaf.exe.json"
770,91,77,37,24,6,0,"M","Matrix","M_Matrix_7b5e536827c3bb9f8077aed78726585739bcde796904edd6c4faadc9a8d22eaf.exe.json"
771,91,77,37,24,6,0,"M","Matrix","M_Matrix_7b5e536827c3bb9f8077aed78726585739bcde796904edd6c4faadc9a8d22eaf.exe.json"
772,69,75,26,28,5,0,"M","Matrix","M_Matrix_7b5e536827c3bb9f8077aed78726585739bcde796904edd6c4faadc9a8d22eaf.exe.json"
773,69,71,26,28,5,0,"M","Matrix","M_Matrix_7b5e536827c3bb9f8077aed78726585739bcde796904edd6c4faadc9a8d22eaf.exe.json"
774,91,77,37,24,6,0,"M","Matrix","M_Matrix_7b5e536827c3bb9f8077aed78726585739bcde796904edd6c4faadc9a8d22eaf.exe.json"
775,45,59,18,22,5,0,"M","Matrix","M_Matrix_7b5e536827c3bb9f8077aed78726585739bcde796904edd6c4faadc9a8d22eaf.exe.json"
776,69,73,26,28,5,0,"M","Matrix","M_Matrix_7b5e536827c3bb9f8077aed78726585739bcde796904edd6c4faadc9a8d22eaf.exe.json"
777,45,59,18,22,5,0,"M","Matrix","M_Matrix_7b5e536827c3bb9f8077aed78726585739bcde796904edd6c4faadc9a8d22eaf.exe.json"
778,73,69,28,24,6,1,"M","Matrix","M_Matrix_7b5e536827c3bb9f8077aed78726585739bcde796904edd6c4faadc9a8d22eaf.exe.json"
779,69,71,26,28,5,0,"M","Matrix","M_Matrix_7b5e536827c3bb9f8077aed78726585739bcde796904edd6c4faadc9a8d22eaf.exe.json"
780,84,75,32,26,5,0,"M","Matrix","M_Matrix_7b5e536827c3bb9f8077aed78726585739bcde796904edd6c4faadc9a8d22eaf.exe.json"
781,73,69,28,24,6,1,"M","Matrix","M_Matrix_7b5e536827c3bb9f8077aed78726585739bcde796904edd6c4faadc9a8d22eaf.exe.json"
782,75,70,29,25,6,1,"M","Matrix","M_Matrix_7b5e536827c3bb9f8077aed78726585739bcde796904edd6c4faadc9a8d22eaf.exe.json"
783,69,71,26,28,5,0,"M","Matrix","M_Matrix_7b5e536827c3bb9f8077aed78726585739bcde796904edd6c4faadc9a8d22eaf.exe.json"
784,70,60,21,25,58,0,"M","Matrix","M_Matrix_7b5e536827c3bb9f8077aed78726585739bcde796904edd6c4faadc9a8d22eaf.exe.json"
785,45,59,18,22,5,0,"M","Matrix","M_Matrix_7b5e536827c3bb9f8077aed78726585739bcde796904edd6c4faadc9a8d22eaf.exe.json"
786,70,67,21,26,58,0,"M","Matrix","M_Matrix_7b5e536827c3bb9f8077aed78726585739bcde796904edd6c4faadc9a8d22eaf.exe.json"
787,91,80,37,24,6,0,"M","Matrix","M_Matrix_7b5e536827c3bb9f8077aed78726585739bcde796904edd6c4faadc9a8d22eaf.exe.json"
788,45,59,18,22,5,0,"M","Matrix","M_Matrix_7b5e536827c3bb9f8077aed78726585739bcde796904edd6c4faadc9a8d22eaf.exe.json"
789,69,71,26,28,5,0,"M","Matrix","M_Matrix_7b5e536827c3bb9f8077aed78726585739bcde796904edd6c4faadc9a8d22eaf.exe.json"
790,75,70,29,25,6,1,"M","Matrix","M_Matrix_7b5e536827c3bb9f8077aed78726585739bcde796904edd6c4faadc9a8d22eaf.exe.json"
791,73,69,28,24,6,1,"M","Matrix","M_Matrix_7b5e536827c3bb9f8077aed78726585739bcde796904edd6c4faadc9a8d22eaf.exe.json"
792,70,67,21,26,58,0,"M","Matrix","M_Matrix_7b5e536827c3bb9f8077aed78726585739bcde796904edd6c4faadc9a8d22eaf.exe.json"
793,72,72,28,24,5,0,"M","Matsnu","M_Matsnu_Matsnu-MBRwipingRansomware_1B2D2A4B97C7C2727D571BBF9376F54F_Inkasso Rechnung vom 27.05.2013 .com_.json"
794,10,10,3,4,4,0,"M","Matsnu","M_Matsnu_Matsnu-MBRwipingRansomware_1B2D2A4B97C7C2727D571BBF9376F54F_Inkasso Rechnung vom 27.05.2013 .com_.json"
795,63,65,24,21,6,0,"M","Matsnu","M_Matsnu_Matsnu-MBRwipingRansomware_1B2D2A4B97C7C2727D571BBF9376F54F_Inkasso Rechnung vom 27.05.2013 .com_.json"
796,98,83,37,36,0,0,"M","MountLocker","M_MountLocker_e435a95489a4ebdfdc12031091f92a7f9c5e3f6cc9b55355ee4030d82553e9ac.exe.json"
797,77,66,28,18,0,0,"M","MountLocker","M_MountLocker_e435a95489a4ebdfdc12031091f92a7f9c5e3f6cc9b55355ee4030d82553e9ac.exe.json"
798,133,145,49,49,1,0,"M","MountLocker","M_MountLocker_e435a95489a4ebdfdc12031091f92a7f9c5e3f6cc9b55355ee4030d82553e9ac.exe.json"
799,74,63,22,22,62,0,"M","MountLocker","M_MountLocker_e435a95489a4ebdfdc12031091f92a7f9c5e3f6cc9b55355ee4030d82553e9ac.exe.json"
800,85,74,26,27,61,0,"M","MountLocker","M_MountLocker_e435a95489a4ebdfdc12031091f92a7f9c5e3f6cc9b55355ee4030d82553e9ac.exe.json"
801,236,210,82,60,61,0,"M","Mydoom","M_Mydoom_1fb613ee3b0e7f96f5dea029aae31b86340b0724e88f84a76b386af84d1cf95c.exe.json"
802,92,104,28,34,55,0,"M","Nemty","M_Nemty_511fee839098dfa28dd859ffd3ece5148be13bfb83baa807ed7cac2200103390.exe.json"
803,54,52,15,20,42,0,"M","None","M_None_ee06c557f1acd5c4948b1df0413e49f3885f8ac96185a9d986b91a1231444541.dll.json"
804,99,86,39,29,5,0,"M","None","M_None_ee06c557f1acd5c4948b1df0413e49f3885f8ac96185a9d986b91a1231444541.dll.json"
805,54,52,15,20,42,0,"M","NotPetya","M_NotPetya_027cc450ef5f8c5f653329641ec1fed91f694e0d229928963b30f6b0d7d3a745.json"
806,99,85,39,29,6,0,"M","NotPetya","M_NotPetya_027cc450ef5f8c5f653329641ec1fed91f694e0d229928963b30f6b0d7d3a745.json"
807,119,128,47,40,7,0,"M","Pojie","M_Pojie_82385c5627675bb1a2f760238c766d1b8d3c31e109e067334959c084d62e5d55.exe.json"
808,92,102,36,34,7,0,"M","Pojie","M_Pojie_82385c5627675bb1a2f760238c766d1b8d3c31e109e067334959c084d62e5d55.exe.json"
862,103,90,42,30,8,0,"M","Clop","M_Clop_389e03b1a1fd1c527d48df74d3c26a0483a5b105f36841193172f1ee80e62c1b.exe.json"
